valid_utc,gap,buoy_hs_m,buoy_from_deg,coronado_north_hs_m,coronado_center_hs_m,coronado_south_hs_m,coronado_north_transmission,coronado_center_transmission,coronado_south_transmission
2026-09-01T00:00:00Z,0,1.508,172.0,,,,0.601,0.597,0.586
2026-09-01T01:00:00Z,0,1.553,160.0,,,,0.578,0.585,0.59
2026-09-01T02:00:00Z,0,1.464,160.0,,,,0.529,0.529,0.52
2026-09-01T03:00:00Z,0,1.55,168.0,,,,0.606,0.608,0.603
2026-09-01T04:00:00Z,0,1.53,164.0,,,,0.617,0.603,0.567
2026-09-01T05:00:00Z,0,1.645,168.0,,,,0.728,0.721,0.671
2026-09-01T06:00:00Z,0,1.436,168.0,,,,0.531,0.545,0.547
2026-09-01T07:00:00Z,0,1.472,172.0,,,,0.692,0.698,0.689
2026-09-01T08:00:00Z,0,1.402,176.0,,,,0.633,0.635,0.626
2026-09-01T09:00:00Z,0,1.401,176.0,,,,0.646,0.652,0.662
2026-09-01T10:00:00Z,0,1.36,164.0,,,,0.644,0.657,0.646
2026-09-01T11:00:00Z,0,1.3,172.0,,,,0.569,0.582,0.591
2026-09-01T12:00:00Z,0,1.385,160.0,,,,0.568,0.58,0.588
2026-09-01T13:00:00Z,0,1.381,160.0,,,,0.609,0.622,0.626
2026-09-01T14:00:00Z,1,,,,,,,,
2026-09-01T15:00:00Z,1,,,,,,,,
2026-09-01T16:00:00Z,1,,,,,,,,
2026-09-01T17:00:00Z,1,,,,,,,,
2026-09-01T18:00:00Z,1,,,,,,,,
2026-09-01T19:00:00Z,1,,,,,,,,
2026-09-01T20:00:00Z,1,,,,,,,,
2026-09-01T21:00:00Z,1,,,,,,,,
2026-09-01T22:00:00Z,1,,,,,,,,
2026-09-01T23:00:00Z,1,,,,,,,,
2026-09-02T00:00:00Z,1,,,,,,,,
2026-09-02T01:00:00Z,1,,,,,,,,
2026-09-02T02:00:00Z,1,,,,,,,,
2026-09-02T03:00:00Z,1,,,,,,,,
2026-09-02T04:00:00Z,1,,,,,,,,
2026-09-02T05:00:00Z,1,,,,,,,,
2026-09-02T06:00:00Z,1,,,,,,,,
2026-09-02T07:00:00Z,1,,,,,,,,
2026-09-02T08:00:00Z,1,,,,,,,,
2026-09-02T09:00:00Z,1,,,,,,,,
2026-09-02T10:00:00Z,1,,,,,,,,
2026-09-02T11:00:00Z,1,,,,,,,,
2026-09-02T12:00:00Z,1,,,,,,,,
2026-09-02T13:00:00Z,1,,,,,,,,
2026-09-02T14:00:00Z,1,,,,,,,,
2026-09-02T15:00:00Z,1,,,,,,,,
2026-09-02T16:00:00Z,1,,,,,,,,
2026-09-02T17:00:00Z,1,,,,,,,,
2026-09-02T18:00:00Z,1,,,,,,,,
2026-09-02T19:00:00Z,1,,,,,,,,
2026-09-02T20:00:00Z,1,,,,,,,,
2026-09-02T21:00:00Z,1,,,,,,,,
2026-09-02T22:00:00Z,1,,,,,,,,
2026-09-02T23:00:00Z,1,,,,,,,,
2026-09-03T00:00:00Z,1,,,,,,,,
2026-09-03T01:00:00Z,1,,,,,,,,
2026-09-03T02:00:00Z,1,,,,,,,,
2026-09-03T03:00:00Z,1,,,,,,,,
2026-09-03T04:00:00Z,1,,,,,,,,
2026-09-03T05:00:00Z,1,,,,,,,,
2026-09-03T06:00:00Z,1,,,,,,,,
2026-09-03T07:00:00Z,1,,,,,,,,
2026-09-03T08:00:00Z,1,,,,,,,,
2026-09-03T09:00:00Z,1,,,,,,,,
2026-09-03T10:00:00Z,1,,,,,,,,
2026-09-03T11:00:00Z,1,,,,,,,,
2026-09-03T12:00:00Z,1,,,,,,,,
2026-09-03T13:00:00Z,1,,,,,,,,
2026-09-03T14:00:00Z,1,,,,,,,,
2026-09-03T15:00:00Z,1,,,,,,,,
2026-09-03T16:00:00Z,1,,,,,,,,
2026-09-03T17:00:00Z,1,,,,,,,,
2026-09-03T18:00:00Z,1,,,,,,,,
2026-09-03T19:00:00Z,1,,,,,,,,
2026-09-03T20:00:00Z,1,,,,,,,,
2026-09-03T21:00:00Z,1,,,,,,,,
2026-09-03T22:00:00Z,1,,,,,,,,
2026-09-03T23:00:00Z,1,,,,,,,,
2026-09-04T00:00:00Z,1,,,,,,,,
2026-09-04T01:00:00Z,1,,,,,,,,
2026-09-04T02:00:00Z,1,,,,,,,,
2026-09-04T03:00:00Z,1,,,,,,,,
2026-09-04T04:00:00Z,1,,,,,,,,
2026-09-04T05:00:00Z,1,,,,,,,,
2026-09-04T06:00:00Z,1,,,,,,,,
2026-09-04T07:00:00Z,1,,,,,,,,
2026-09-04T08:00:00Z,1,,,,,,,,
2026-09-04T09:00:00Z,1,,,,,,,,
2026-09-04T10:00:00Z,1,,,,,,,,
2026-09-04T11:00:00Z,1,,,,,,,,
2026-09-04T12:00:00Z,1,,,,,,,,
2026-09-04T13:00:00Z,1,,,,,,,,
2026-09-04T14:00:00Z,1,,,,,,,,
2026-09-04T15:00:00Z,1,,,,,,,,
2026-09-04T16:00:00Z,1,,,,,,,,
2026-09-04T17:00:00Z,1,,,,,,,,
2026-09-04T18:00:00Z,1,,,,,,,,
2026-09-04T19:00:00Z,1,,,,,,,,
2026-09-04T20:00:00Z,1,,,,,,,,
2026-09-04T21:00:00Z,1,,,,,,,,
2026-09-04T22:00:00Z,1,,,,,,,,
2026-09-04T23:00:00Z,1,,,,,,,,
2026-09-05T00:00:00Z,1,,,,,,,,
2026-09-05T01:00:00Z,1,,,,,,,,
2026-09-05T02:00:00Z,1,,,,,,,,
2026-09-05T03:00:00Z,1,,,,,,,,
2026-09-05T04:00:00Z,1,,,,,,,,
2026-09-05T05:00:00Z,1,,,,,,,,
2026-09-05T06:00:00Z,1,,,,,,,,
2026-09-05T07:00:00Z,1,,,,,,,,
2026-09-05T08:00:00Z,1,,,,,,,,
2026-09-05T09:00:00Z,1,,,,,,,,
2026-09-05T10:00:00Z,1,,,,,,,,
2026-09-05T11:00:00Z,1,,,,,,,,
2026-09-05T12:00:00Z,1,,,,,,,,
2026-09-05T13:00:00Z,1,,,,,,,,
2026-09-05T14:00:00Z,1,,,,,,,,
2026-09-05T15:00:00Z,1,,,,,,,,
2026-09-05T16:00:00Z,1,,,,,,,,
2026-09-05T17:00:00Z,1,,,,,,,,
2026-09-05T18:00:00Z,1,,,,,,,,
2026-09-05T19:00:00Z,1,,,,,,,,
2026-09-05T20:00:00Z,1,,,,,,,,
2026-09-05T21:00:00Z,1,,,,,,,,
2026-09-05T22:00:00Z,1,,,,,,,,
2026-09-05T23:00:00Z,1,,,,,,,,
2026-09-06T00:00:00Z,1,,,,,,,,
2026-09-06T01:00:00Z,1,,,,,,,,
2026-09-06T02:00:00Z,1,,,,,,,,
2026-09-06T03:00:00Z,1,,,,,,,,
2026-09-06T04:00:00Z,1,,,,,,,,
2026-09-06T05:00:00Z,1,,,,,,,,
2026-09-06T06:00:00Z,1,,,,,,,,
2026-09-06T07:00:00Z,1,,,,,,,,
2026-09-06T08:00:00Z,1,,,,,,,,
2026-09-06T09:00:00Z,1,,,,,,,,
2026-09-06T10:00:00Z,1,,,,,,,,
2026-09-06T11:00:00Z,1,,,,,,,,
2026-09-06T12:00:00Z,1,,,,,,,,
2026-09-06T13:00:00Z,1,,,,,,,,
2026-09-06T14:00:00Z,1,,,,,,,,
2026-09-06T15:00:00Z,1,,,,,,,,
2026-09-06T16:00:00Z,1,,,,,,,,
2026-09-06T17:00:00Z,1,,,,,,,,
2026-09-06T18:00:00Z,1,,,,,,,,
2026-09-06T19:00:00Z,1,,,,,,,,
2026-09-06T20:00:00Z,1,,,,,,,,
2026-09-06T21:00:00Z,1,,,,,,,,
2026-09-06T22:00:00Z,1,,,,,,,,
2026-09-06T23:00:00Z,1,,,,,,,,
2026-09-07T00:00:00Z,1,,,,,,,,
2026-09-07T01:00:00Z,1,,,,,,,,
2026-09-07T02:00:00Z,1,,,,,,,,
2026-09-07T03:00:00Z,1,,,,,,,,
2026-09-07T04:00:00Z,1,,,,,,,,
2026-09-07T05:00:00Z,1,,,,,,,,
2026-09-07T06:00:00Z,1,,,,,,,,
2026-09-07T07:00:00Z,1,,,,,,,,
2026-09-07T08:00:00Z,1,,,,,,,,
2026-09-07T09:00:00Z,1,,,,,,,,
2026-09-07T10:00:00Z,1,,,,,,,,
2026-09-07T11:00:00Z,1,,,,,,,,
2026-09-07T12:00:00Z,1,,,,,,,,
2026-09-07T13:00:00Z,1,,,,,,,,
2026-09-07T14:00:00Z,1,,,,,,,,
2026-09-07T15:00:00Z,1,,,,,,,,
2026-09-07T16:00:00Z,1,,,,,,,,
2026-09-07T17:00:00Z,1,,,,,,,,
2026-09-07T18:00:00Z,1,,,,,,,,
2026-09-07T19:00:00Z,1,,,,,,,,
2026-09-07T20:00:00Z,1,,,,,,,,
2026-09-07T21:00:00Z,1,,,,,,,,
2026-09-07T22:00:00Z,1,,,,,,,,
2026-09-07T23:00:00Z,1,,,,,,,,
2026-09-08T00:00:00Z,1,,,,,,,,
2026-09-08T01:00:00Z,1,,,,,,,,
2026-09-08T02:00:00Z,1,,,,,,,,
2026-09-08T03:00:00Z,1,,,,,,,,
2026-09-08T04:00:00Z,1,,,,,,,,
2026-09-08T05:00:00Z,1,,,,,,,,
2026-09-08T06:00:00Z,1,,,,,,,,
2026-09-08T07:00:00Z,1,,,,,,,,
2026-09-08T08:00:00Z,1,,,,,,,,
2026-09-08T09:00:00Z,1,,,,,,,,
2026-09-08T10:00:00Z,1,,,,,,,,
2026-09-08T11:00:00Z,1,,,,,,,,
2026-09-08T12:00:00Z,1,,,,,,,,
2026-09-08T13:00:00Z,1,,,,,,,,
2026-09-08T14:00:00Z,1,,,,,,,,
2026-09-08T15:00:00Z,1,,,,,,,,
2026-09-08T16:00:00Z,1,,,,,,,,
2026-09-08T17:00:00Z,1,,,,,,,,
2026-09-08T18:00:00Z,1,,,,,,,,
2026-09-08T19:00:00Z,1,,,,,,,,
2026-09-08T20:00:00Z,1,,,,,,,,
2026-09-08T21:00:00Z,1,,,,,,,,
2026-09-08T22:00:00Z,1,,,,,,,,
2026-09-08T23:00:00Z,1,,,,,,,,
2026-09-09T00:00:00Z,1,,,,,,,,
2026-09-09T01:00:00Z,1,,,,,,,,
2026-09-09T02:00:00Z,1,,,,,,,,
2026-09-09T03:00:00Z,1,,,,,,,,
2026-09-09T04:00:00Z,1,,,,,,,,
2026-09-09T05:00:00Z,1,,,,,,,,
2026-09-09T06:00:00Z,1,,,,,,,,
2026-09-09T07:00:00Z,1,,,,,,,,
2026-09-09T08:00:00Z,1,,,,,,,,
2026-09-09T09:00:00Z,1,,,,,,,,
2026-09-09T10:00:00Z,1,,,,,,,,
2026-09-09T11:00:00Z,1,,,,,,,,
2026-09-09T12:00:00Z,1,,,,,,,,
2026-09-09T13:00:00Z,1,,,,,,,,
2026-09-09T14:00:00Z,1,,,,,,,,
2026-09-09T15:00:00Z,1,,,,,,,,
2026-09-09T16:00:00Z,1,,,,,,,,
2026-09-09T17:00:00Z,1,,,,,,,,
2026-09-09T18:00:00Z,1,,,,,,,,
2026-09-09T19:00:00Z,1,,,,,,,,
2026-09-09T20:00:00Z,1,,,,,,,,
2026-09-09T21:00:00Z,1,,,,,,,,
2026-09-09T22:00:00Z,1,,,,,,,,
2026-09-09T23:00:00Z,1,,,,,,,,
2026-09-10T00:00:00Z,1,,,,,,,,
2026-09-10T01:00:00Z,1,,,,,,,,
2026-09-10T02:00:00Z,1,,,,,,,,
2026-09-10T03:00:00Z,1,,,,,,,,
2026-09-10T04:00:00Z,1,,,,,,,,
2026-09-10T05:00:00Z,1,,,,,,,,
2026-09-10T06:00:00Z,1,,,,,,,,
2026-09-10T07:00:00Z,1,,,,,,,,
2026-09-10T08:00:00Z,1,,,,,,,,
2026-09-10T09:00:00Z,1,,,,,,,,
2026-09-10T10:00:00Z,1,,,,,,,,
2026-09-10T11:00:00Z,1,,,,,,,,
2026-09-10T12:00:00Z,1,,,,,,,,
2026-09-10T13:00:00Z,1,,,,,,,,
2026-09-10T14:00:00Z,1,,,,,,,,
2026-09-10T15:00:00Z,1,,,,,,,,
2026-09-10T16:00:00Z,1,,,,,,,,
2026-09-10T17:00:00Z,1,,,,,,,,
2026-09-10T18:00:00Z,1,,,,,,,,
2026-09-10T19:00:00Z,1,,,,,,,,
2026-09-10T20:00:00Z,1,,,,,,,,
2026-09-10T21:00:00Z,1,,,,,,,,
2026-09-10T22:00:00Z,1,,,,,,,,
2026-09-10T23:00:00Z,1,,,,,,,,
2026-09-11T00:00:00Z,1,,,,,,,,
2026-09-11T01:00:00Z,1,,,,,,,,
2026-09-11T02:00:00Z,1,,,,,,,,
2026-09-11T03:00:00Z,1,,,,,,,,
2026-09-11T04:00:00Z,1,,,,,,,,
2026-09-11T05:00:00Z,1,,,,,,,,
2026-09-11T06:00:00Z,1,,,,,,,,
2026-09-11T07:00:00Z,1,,,,,,,,
2026-09-11T08:00:00Z,1,,,,,,,,
2026-09-11T09:00:00Z,1,,,,,,,,
2026-09-11T10:00:00Z,1,,,,,,,,
2026-09-11T11:00:00Z,1,,,,,,,,
2026-09-11T12:00:00Z,1,,,,,,,,
2026-09-11T13:00:00Z,1,,,,,,,,
2026-09-11T14:00:00Z,1,,,,,,,,
2026-09-11T15:00:00Z,1,,,,,,,,
2026-09-11T16:00:00Z,1,,,,,,,,
2026-09-11T17:00:00Z,1,,,,,,,,
2026-09-11T18:00:00Z,1,,,,,,,,
2026-09-11T19:00:00Z,1,,,,,,,,
2026-09-11T20:00:00Z,1,,,,,,,,
2026-09-11T21:00:00Z,1,,,,,,,,
2026-09-11T22:00:00Z,1,,,,,,,,
2026-09-11T23:00:00Z,1,,,,,,,,
2026-09-12T00:00:00Z,1,,,,,,,,
2026-09-12T01:00:00Z,1,,,,,,,,
2026-09-12T02:00:00Z,1,,,,,,,,
2026-09-12T03:00:00Z,1,,,,,,,,
2026-09-12T04:00:00Z,1,,,,,,,,
2026-09-12T05:00:00Z,1,,,,,,,,
2026-09-12T06:00:00Z,1,,,,,,,,
2026-09-12T07:00:00Z,1,,,,,,,,
2026-09-12T08:00:00Z,1,,,,,,,,
2026-09-12T09:00:00Z,1,,,,,,,,
2026-09-12T10:00:00Z,1,,,,,,,,
2026-09-12T11:00:00Z,1,,,,,,,,
2026-09-12T12:00:00Z,1,,,,,,,,
2026-09-12T13:00:00Z,1,,,,,,,,
2026-09-12T14:00:00Z,1,,,,,,,,
2026-09-12T15:00:00Z,1,,,,,,,,
2026-09-12T16:00:00Z,1,,,,,,,,
2026-09-12T17:00:00Z,1,,,,,,,,
2026-09-12T18:00:00Z,1,,,,,,,,
2026-09-12T19:00:00Z,1,,,,,,,,
2026-09-12T20:00:00Z,1,,,,,,,,
2026-09-12T21:00:00Z,1,,,,,,,,
2026-09-12T22:00:00Z,1,,,,,,,,
2026-09-12T23:00:00Z,1,,,,,,,,
2026-09-13T00:00:00Z,1,,,,,,,,
2026-09-13T01:00:00Z,1,,,,,,,,
2026-09-13T02:00:00Z,1,,,,,,,,
2026-09-13T03:00:00Z,1,,,,,,,,
2026-09-13T04:00:00Z,1,,,,,,,,
2026-09-13T05:00:00Z,1,,,,,,,,
2026-09-13T06:00:00Z,1,,,,,,,,
2026-09-13T07:00:00Z,1,,,,,,,,
2026-09-13T08:00:00Z,1,,,,,,,,
2026-09-13T09:00:00Z,1,,,,,,,,
2026-09-13T10:00:00Z,1,,,,,,,,
2026-09-13T11:00:00Z,1,,,,,,,,
2026-09-13T12:00:00Z,1,,,,,,,,
2026-09-13T13:00:00Z,1,,,,,,,,
2026-09-13T14:00:00Z,1,,,,,,,,
2026-09-13T15:00:00Z,1,,,,,,,,
2026-09-13T16:00:00Z,1,,,,,,,,
2026-09-13T17:00:00Z,1,,,,,,,,
2026-09-13T18:00:00Z,1,,,,,,,,
2026-09-13T19:00:00Z,1,,,,,,,,
2026-09-13T20:00:00Z,1,,,,,,,,
2026-09-13T21:00:00Z,1,,,,,,,,
2026-09-13T22:00:00Z,1,,,,,,,,
2026-09-13T23:00:00Z,1,,,,,,,,
2026-09-14T00:00:00Z,1,,,,,,,,
2026-09-14T01:00:00Z,1,,,,,,,,
2026-09-14T02:00:00Z,1,,,,,,,,
2026-09-14T03:00:00Z,1,,,,,,,,
2026-09-14T04:00:00Z,1,,,,,,,,
2026-09-14T05:00:00Z,1,,,,,,,,
2026-09-14T06:00:00Z,1,,,,,,,,
2026-09-14T07:00:00Z,1,,,,,,,,
2026-09-14T08:00:00Z,1,,,,,,,,
2026-09-14T09:00:00Z,1,,,,,,,,
2026-09-14T10:00:00Z,1,,,,,,,,
2026-09-14T11:00:00Z,1,,,,,,,,
2026-09-14T12:00:00Z,1,,,,,,,,
2026-09-14T13:00:00Z,1,,,,,,,,
2026-09-14T14:00:00Z,1,,,,,,,,
2026-09-14T15:00:00Z,1,,,,,,,,
2026-09-14T16:00:00Z,1,,,,,,,,
2026-09-14T17:00:00Z,1,,,,,,,,
2026-09-14T18:00:00Z,1,,,,,,,,
2026-09-14T19:00:00Z,1,,,,,,,,
2026-09-14T20:00:00Z,1,,,,,,,,
2026-09-14T21:00:00Z,1,,,,,,,,
2026-09-14T22:00:00Z,1,,,,,,,,
2026-09-14T23:00:00Z,1,,,,,,,,
2026-09-15T00:00:00Z,1,,,,,,,,
2026-09-15T01:00:00Z,1,,,,,,,,
2026-09-15T02:00:00Z,1,,,,,,,,
2026-09-15T03:00:00Z,1,,,,,,,,
2026-09-15T04:00:00Z,1,,,,,,,,
2026-09-15T05:00:00Z,1,,,,,,,,
2026-09-15T06:00:00Z,1,,,,,,,,
2026-09-15T07:00:00Z,1,,,,,,,,
2026-09-15T08:00:00Z,1,,,,,,,,
2026-09-15T09:00:00Z,1,,,,,,,,
2026-09-15T10:00:00Z,1,,,,,,,,
2026-09-15T11:00:00Z,1,,,,,,,,
2026-09-15T12:00:00Z,1,,,,,,,,
2026-09-15T13:00:00Z,1,,,,,,,,
2026-09-15T14:00:00Z,1,,,,,,,,
2026-09-15T15:00:00Z,1,,,,,,,,
2026-09-15T16:00:00Z,1,,,,,,,,
2026-09-15T17:00:00Z,1,,,,,,,,
2026-09-15T18:00:00Z,1,,,,,,,,
2026-09-15T19:00:00Z,1,,,,,,,,
2026-09-15T20:00:00Z,1,,,,,,,,
2026-09-15T21:00:00Z,1,,,,,,,,
2026-09-15T22:00:00Z,1,,,,,,,,
2026-09-15T23:00:00Z,1,,,,,,,,
2026-09-16T00:00:00Z,1,,,,,,,,
2026-09-16T01:00:00Z,1,,,,,,,,
2026-09-16T02:00:00Z,1,,,,,,,,
2026-09-16T03:00:00Z,1,,,,,,,,
2026-09-16T04:00:00Z,1,,,,,,,,
2026-09-16T05:00:00Z,1,,,,,,,,
2026-09-16T06:00:00Z,1,,,,,,,,
2026-09-16T07:00:00Z,1,,,,,,,,
2026-09-16T08:00:00Z,1,,,,,,,,
2026-09-16T09:00:00Z,1,,,,,,,,
2026-09-16T10:00:00Z,1,,,,,,,,
2026-09-16T11:00:00Z,1,,,,,,,,
2026-09-16T12:00:00Z,1,,,,,,,,
2026-09-16T13:00:00Z,1,,,,,,,,
2026-09-16T14:00:00Z,1,,,,,,,,
2026-09-16T15:00:00Z,1,,,,,,,,
2026-09-16T16:00:00Z,1,,,,,,,,
2026-09-16T17:00:00Z,1,,,,,,,,
2026-09-16T18:00:00Z,1,,,,,,,,
2026-09-16T19:00:00Z,1,,,,,,,,
2026-09-16T20:00:00Z,1,,,,,,,,
2026-09-16T21:00:00Z,1,,,,,,,,
2026-09-16T22:00:00Z,1,,,,,,,,
2026-09-16T23:00:00Z,1,,,,,,,,
2026-09-17T00:00:00Z,1,,,,,,,,
2026-09-17T01:00:00Z,1,,,,,,,,
2026-09-17T02:00:00Z,1,,,,,,,,
2026-09-17T03:00:00Z,1,,,,,,,,
2026-09-17T04:00:00Z,1,,,,,,,,
2026-09-17T05:00:00Z,1,,,,,,,,
2026-09-17T06:00:00Z,1,,,,,,,,
2026-09-17T07:00:00Z,1,,,,,,,,
2026-09-17T08:00:00Z,1,,,,,,,,
2026-09-17T09:00:00Z,1,,,,,,,,
2026-09-17T10:00:00Z,1,,,,,,,,
2026-09-17T11:00:00Z,1,,,,,,,,
2026-09-17T12:00:00Z,1,,,,,,,,
2026-09-17T13:00:00Z,1,,,,,,,,
2026-09-17T14:00:00Z,1,,,,,,,,
2026-09-17T15:00:00Z,1,,,,,,,,
2026-09-17T16:00:00Z,1,,,,,,,,
2026-09-17T17:00:00Z,1,,,,,,,,
2026-09-17T18:00:00Z,0,1.008,184.0,0.874,0.666,0.686,0.624,0.658,0.681
2026-09-17T19:00:00Z,0,1.011,192.0,0.987,0.642,0.642,0.609,0.636,0.657
2026-09-17T20:00:00Z,0,0.903,196.0,0.798,0.646,0.606,0.611,0.633,0.641
2026-09-17T21:00:00Z,0,0.913,268.0,0.716,0.605,0.597,0.552,0.572,0.593
2026-09-17T22:00:00Z,0,0.976,188.0,0.79,0.588,0.599,0.586,0.624,0.652
2026-09-17T23:00:00Z,0,0.996,188.0,0.832,0.722,0.624,0.664,0.686,0.706
2026-09-18T00:00:00Z,0,1.04,188.0,0.818,0.646,0.657,0.616,0.656,0.682
2026-09-18T01:00:00Z,0,1.029,184.0,0.841,0.661,0.612,0.654,0.683,0.707
2026-09-18T02:00:00Z,0,0.96,188.0,0.805,0.715,0.616,0.644,0.67,0.691
2026-09-18T03:00:00Z,0,1.021,188.0,0.822,0.632,0.606,0.597,0.667,0.709
2026-09-18T04:00:00Z,0,0.958,188.0,0.747,0.607,0.607,0.557,0.588,0.616
2026-09-18T05:00:00Z,0,0.986,184.0,0.789,0.654,0.641,0.641,0.665,0.674
2026-09-18T06:00:00Z,0,0.936,188.0,0.804,0.68,0.585,0.612,0.64,0.661
2026-09-18T07:00:00Z,0,0.952,188.0,0.845,0.655,0.6,0.613,0.646,0.666
2026-09-18T08:00:00Z,0,0.948,188.0,0.802,0.693,0.637,0.613,0.646,0.677
2026-09-18T09:00:00Z,0,0.942,184.0,0.898,0.712,0.546,0.662,0.691,0.711
2026-09-18T10:00:00Z,0,0.914,184.0,0.803,0.724,0.591,0.659,0.686,0.708
2026-09-18T11:00:00Z,0,1.002,188.0,0.821,0.756,0.62,0.633,0.666,0.694
2026-09-18T12:00:00Z,0,1.076,188.0,0.881,0.732,0.666,0.638,0.678,0.705
2026-09-18T13:00:00Z,0,1.03,188.0,0.927,0.793,0.647,0.577,0.615,0.649
2026-09-18T14:00:00Z,0,1.025,184.0,0.887,0.761,0.639,0.538,0.571,0.602
2026-09-18T15:00:00Z,0,1.137,188.0,1.047,0.894,0.699,0.559,0.582,0.606
2026-09-18T16:00:00Z,0,1.108,192.0,0.888,0.764,0.69,0.539,0.56,0.555
2026-09-18T17:00:00Z,0,1.105,284.0,1.019,0.912,0.712,0.565,0.601,0.63
2026-09-18T18:00:00Z,0,1.019,192.0,0.899,0.775,0.682,0.512,0.537,0.571
2026-09-18T19:00:00Z,0,1.061,188.0,0.827,0.694,0.682,0.513,0.567,0.609
2026-09-18T20:00:00Z,0,1.116,284.0,0.828,0.743,0.651,0.487,0.518,0.555
2026-09-18T21:00:00Z,0,1.12,288.0,0.836,0.782,0.75,0.462,0.496,0.547
2026-09-18T22:00:00Z,0,1.248,200.0,1.076,0.956,0.773,0.466,0.502,0.546
2026-09-18T23:00:00Z,0,1.393,288.0,0.818,0.831,0.836,0.38,0.411,0.462
2026-09-19T00:00:00Z,0,1.26,292.0,0.829,0.799,0.75,0.383,0.42,0.483
2026-09-19T01:00:00Z,0,1.293,292.0,0.769,0.741,0.766,0.411,0.456,0.507
2026-09-19T02:00:00Z,0,1.236,188.0,1.064,0.919,0.735,0.477,0.505,0.542
2026-09-19T03:00:00Z,0,1.248,288.0,0.854,0.772,0.754,0.451,0.479,0.526
2026-09-19T04:00:00Z,0,1.286,296.0,0.785,0.748,0.789,0.417,0.455,0.5
2026-09-19T05:00:00Z,0,1.189,288.0,0.839,0.764,0.773,0.457,0.49,0.525
2026-09-19T06:00:00Z,0,1.231,284.0,0.744,0.725,0.799,0.421,0.46,0.509
2026-09-19T07:00:00Z,0,1.185,284.0,0.918,0.835,0.71,0.464,0.499,0.543
2026-09-19T08:00:00Z,0,1.082,280.0,0.819,0.774,0.707,0.484,0.522,0.565
2026-09-19T09:00:00Z,0,1.101,272.0,0.778,0.671,0.697,0.438,0.48,0.566
2026-09-19T10:00:00Z,0,1.15,276.0,0.92,0.866,0.748,0.499,0.556,0.638
2026-09-19T11:00:00Z,0,1.179,280.0,0.818,0.771,0.722,0.427,0.466,0.537
2026-09-19T12:00:00Z,0,1.226,220.0,1.146,1.054,0.808,0.53,0.577,0.631
2026-09-19T13:00:00Z,0,1.127,280.0,0.826,0.791,0.731,0.466,0.526,0.602
2026-09-19T14:00:00Z,0,1.124,232.0,1.087,1.024,0.795,0.515,0.559,0.621
2026-09-19T15:00:00Z,0,1.131,284.0,0.893,0.967,0.664,0.475,0.505,0.561
2026-09-19T16:00:00Z,0,1.183,288.0,0.957,0.877,0.715,0.472,0.5,0.542
2026-09-19T17:00:00Z,0,1.273,288.0,0.906,0.903,0.852,0.408,0.454,0.51
2026-09-19T18:00:00Z,0,1.363,288.0,0.895,0.9,0.841,0.417,0.456,0.503
2026-09-19T19:00:00Z,0,1.281,284.0,0.893,0.87,0.796,0.391,0.429,0.479
2026-09-19T20:00:00Z,0,1.209,288.0,1.056,1.026,0.819,0.443,0.47,0.516
2026-09-19T21:00:00Z,0,1.229,280.0,0.76,0.799,0.841,0.362,0.415,0.505
2026-09-19T22:00:00Z,0,1.234,288.0,0.896,0.869,0.812,0.443,0.476,0.525
2026-09-19T23:00:00Z,0,1.264,284.0,0.834,0.897,0.876,0.439,0.484,0.544
2026-09-20T00:00:00Z,0,1.22,292.0,0.748,0.748,0.785,0.407,0.443,0.49
2026-09-20T01:00:00Z,0,1.177,288.0,0.921,0.872,0.771,0.456,0.485,0.518
2026-09-20T02:00:00Z,0,1.086,220.0,1.12,1.056,0.628,0.516,0.535,0.56
2026-09-20T03:00:00Z,0,1.222,292.0,0.784,0.849,0.829,0.434,0.472,0.534
2026-09-20T04:00:00Z,0,1.118,296.0,0.813,0.766,0.673,0.394,0.42,0.458
2026-09-20T05:00:00Z,0,1.139,284.0,0.837,0.826,0.805,0.408,0.45,0.496
2026-09-20T06:00:00Z,0,1.218,292.0,1.2,1.16,0.762,0.444,0.471,0.508
2026-09-20T07:00:00Z,0,1.226,288.0,0.889,0.908,0.779,0.424,0.454,0.487
2026-09-20T08:00:00Z,0,1.149,284.0,0.779,0.815,0.769,0.413,0.462,0.529
2026-09-20T09:00:00Z,0,1.189,284.0,0.948,0.91,0.749,0.458,0.489,0.533
2026-09-20T10:00:00Z,0,1.17,216.0,0.916,0.867,0.794,0.453,0.492,0.542
2026-09-20T11:00:00Z,0,1.168,224.0,0.876,0.905,0.899,0.443,0.497,0.558
2026-09-20T12:00:00Z,0,1.14,220.0,1.099,1.029,0.815,0.538,0.577,0.626
2026-09-20T13:00:00Z,0,1.071,284.0,0.819,0.769,0.722,0.513,0.561,0.621
2026-09-20T14:00:00Z,0,1.07,280.0,0.772,0.738,0.705,0.477,0.519,0.577
2026-09-20T15:00:00Z,0,1.111,284.0,0.883,0.874,0.755,0.452,0.488,0.538
2026-09-20T16:00:00Z,0,1.084,280.0,0.814,0.804,0.784,0.421,0.457,0.519
2026-09-20T17:00:00Z,0,1.1,216.0,0.979,0.902,0.675,0.478,0.506,0.538
2026-09-20T18:00:00Z,0,1.014,288.0,0.685,0.672,0.639,0.413,0.451,0.504
2026-09-20T19:00:00Z,0,1.102,284.0,0.838,0.843,0.784,0.396,0.435,0.485
2026-09-20T20:00:00Z,0,1.069,284.0,0.746,0.748,0.7,0.429,0.466,0.513
2026-09-20T21:00:00Z,0,1.062,280.0,0.897,0.921,0.728,0.472,0.513,0.575
2026-09-20T22:00:00Z,0,1.112,280.0,0.837,0.859,0.745,0.427,0.461,0.512
2026-09-20T23:00:00Z,0,1.123,280.0,1.051,1.023,0.775,0.492,0.529,0.574
2026-09-21T00:00:00Z,0,1.067,280.0,0.888,0.892,0.783,0.463,0.5,0.545
2026-09-21T01:00:00Z,0,1.103,288.0,0.871,0.877,0.757,0.444,0.493,0.54
2026-09-21T02:00:00Z,0,1.09,284.0,0.868,0.821,0.662,0.471,0.506,0.559
2026-09-21T03:00:00Z,0,1.105,284.0,0.962,0.917,0.731,0.494,0.526,0.567
2026-09-21T04:00:00Z,0,1.073,284.0,0.895,0.851,0.686,0.482,0.511,0.543
2026-09-21T05:00:00Z,0,1.06,284.0,0.804,0.802,0.691,0.458,0.491,0.527
2026-09-21T06:00:00Z,0,1.088,284.0,0.872,0.855,0.697,0.459,0.495,0.542
2026-09-21T07:00:00Z,0,1.068,284.0,0.886,0.847,0.67,0.469,0.499,0.538
2026-09-21T08:00:00Z,0,1.011,212.0,0.838,0.798,0.72,0.488,0.525,0.568
2026-09-21T09:00:00Z,0,0.985,228.0,0.981,0.923,0.732,0.544,0.594,0.635
2026-09-21T10:00:00Z,0,1.072,292.0,0.85,0.819,0.726,0.452,0.496,0.545
2026-09-21T11:00:00Z,0,1.013,216.0,0.915,0.801,0.728,0.528,0.572,0.619
2026-09-21T12:00:00Z,0,0.979,220.0,1.214,1.177,0.732,0.578,0.61,0.65
2026-09-21T13:00:00Z,0,0.865,220.0,0.856,0.798,0.624,0.585,0.616,0.644
2026-09-21T14:00:00Z,0,0.909,216.0,0.923,0.806,0.667,0.617,0.651,0.684
2026-09-21T15:00:00Z,0,0.904,180.0,0.867,0.805,0.648,0.573,0.605,0.638
2026-09-21T16:00:00Z,0,0.897,184.0,0.996,0.883,0.633,0.66,0.69,0.72
2026-09-21T17:00:00Z,0,0.835,232.0,0.871,0.833,0.658,0.607,0.646,0.689
2026-09-21T18:00:00Z,0,0.896,220.0,0.973,0.919,0.673,0.651,0.683,0.722
2026-09-21T19:00:00Z,0,0.942,228.0,1.349,1.25,0.697,0.717,0.741,0.765
2026-09-21T20:00:00Z,0,0.915,216.0,1.007,0.94,0.652,0.634,0.678,0.706
2026-09-21T21:00:00Z,0,0.902,236.0,1.0,0.934,0.701,0.569,0.644,0.701
2026-09-21T22:00:00Z,0,0.908,236.0,0.896,0.872,0.752,0.569,0.641,0.691
2026-09-21T23:00:00Z,1,,,,,,,,
2026-09-22T00:00:00Z,0,1.044,216.0,0.987,0.917,0.754,0.552,0.612,0.672
2026-09-22T01:00:00Z,0,1.159,212.0,1.037,0.912,0.772,0.533,0.569,0.623
2026-09-22T02:00:00Z,0,1.168,216.0,1.06,1.047,0.784,0.573,0.604,0.648
2026-09-22T03:00:00Z,0,1.167,288.0,0.959,0.939,0.762,0.512,0.547,0.597
2026-09-22T04:00:00Z,0,1.124,280.0,0.923,0.849,0.729,0.492,0.523,0.557
2026-09-22T05:00:00Z,0,1.126,284.0,0.93,0.855,0.741,0.48,0.53,0.583
2026-09-22T06:00:00Z,0,1.156,204.0,0.988,0.866,0.758,0.518,0.552,0.597
2026-09-22T07:00:00Z,0,1.111,288.0,0.97,0.905,0.68,0.483,0.507,0.537
2026-09-22T08:00:00Z,0,1.167,220.0,1.106,1.013,0.76,0.494,0.527,0.569
2026-09-22T09:00:00Z,0,1.109,216.0,0.97,0.935,0.765,0.509,0.55,0.59
2026-09-22T10:00:00Z,0,1.157,216.0,1.005,0.944,0.792,0.502,0.551,0.601
2026-09-22T11:00:00Z,0,1.17,208.0,0.984,0.933,0.76,0.508,0.558,0.604
2026-09-22T12:00:00Z,0,1.12,224.0,1.125,1.043,0.776,0.553,0.595,0.653
2026-09-22T13:00:00Z,0,1.086,228.0,1.107,1.018,0.781,0.57,0.624,0.691
2026-09-22T14:00:00Z,0,1.178,224.0,1.164,1.042,0.749,0.547,0.587,0.653
2026-09-22T15:00:00Z,0,1.079,212.0,0.962,0.867,0.741,0.515,0.573,0.643
2026-09-22T16:00:00Z,0,1.158,284.0,1.038,0.961,0.796,0.549,0.592,0.65
2026-09-22T17:00:00Z,0,1.17,276.0,0.922,0.895,0.783,0.468,0.527,0.589
2026-09-22T18:00:00Z,0,1.189,216.0,1.103,1.056,0.813,0.537,0.58,0.633
2026-09-22T19:00:00Z,0,1.226,288.0,0.943,0.855,0.764,0.451,0.484,0.539
2026-09-22T20:00:00Z,0,1.201,232.0,0.999,0.921,0.782,0.473,0.508,0.554
2026-09-22T21:00:00Z,0,1.169,212.0,0.973,0.913,0.79,0.468,0.506,0.564
2026-09-22T22:00:00Z,0,1.208,216.0,1.025,0.971,0.768,0.461,0.502,0.555
2026-09-22T23:00:00Z,0,1.163,284.0,0.734,0.733,0.755,0.375,0.43,0.495
2026-09-23T00:00:00Z,0,1.253,204.0,0.955,0.827,0.782,0.447,0.48,0.538
2026-09-23T01:00:00Z,0,1.238,216.0,1.072,0.869,0.8,0.505,0.537,0.582
2026-09-23T02:00:00Z,0,1.175,212.0,0.977,0.872,0.768,0.494,0.532,0.597
2026-09-23T03:00:00Z,0,1.153,208.0,0.929,0.764,0.721,0.483,0.515,0.562
2026-09-23T04:00:00Z,0,1.244,220.0,1.163,1.163,0.85,0.525,0.564,0.609
2026-09-23T05:00:00Z,0,1.202,212.0,1.096,0.892,0.709,0.512,0.547,0.587
2026-09-23T06:00:00Z,0,1.21,288.0,0.967,0.845,0.717,0.449,0.481,0.524
2026-09-23T07:00:00Z,0,1.176,224.0,1.09,0.938,0.785,0.513,0.541,0.58
2026-09-23T08:00:00Z,0,1.139,292.0,0.777,0.68,0.645,0.405,0.43,0.474
2026-09-23T09:00:00Z,0,1.207,228.0,1.166,1.013,0.828,0.532,0.572,0.62
2026-09-23T10:00:00Z,0,1.151,232.0,0.987,0.96,0.9,0.516,0.565,0.629
2026-09-23T11:00:00Z,0,1.059,280.0,0.699,0.731,0.742,0.431,0.475,0.546
2026-09-23T12:00:00Z,0,1.083,208.0,1.038,0.804,0.752,0.563,0.594,0.652
2026-09-23T13:00:00Z,0,1.146,216.0,1.027,0.969,0.883,0.496,0.538,0.606
2026-09-23T14:00:00Z,0,1.113,212.0,0.931,0.891,0.799,0.475,0.518,0.588
2026-09-23T15:00:00Z,0,1.122,224.0,1.069,0.994,0.779,0.533,0.579,0.631
2026-09-23T16:00:00Z,0,1.09,204.0,0.883,0.801,0.779,0.483,0.521,0.566
2026-09-23T17:00:00Z,0,1.189,284.0,0.87,0.771,0.753,0.461,0.488,0.518
2026-09-23T18:00:00Z,0,1.308,216.0,1.004,0.995,0.964,0.437,0.474,0.521
2026-09-23T19:00:00Z,0,1.365,276.0,0.877,1.003,1.041,0.371,0.41,0.466
2026-09-23T20:00:00Z,0,1.41,280.0,0.804,0.903,1.023,0.349,0.389,0.45
2026-09-23T21:00:00Z,0,1.473,264.0,1.045,1.151,1.141,0.399,0.436,0.491
2026-09-23T22:00:00Z,0,1.499,284.0,1.108,1.154,1.136,0.38,0.422,0.493
2026-09-23T23:00:00Z,0,1.508,280.0,0.863,1.211,1.305,0.281,0.314,0.379
2026-09-24T00:00:00Z,0,1.451,284.0,1.006,1.057,1.091,0.394,0.431,0.491
2026-09-24T01:00:00Z,0,1.423,284.0,0.941,1.02,1.082,0.39,0.432,0.48
2026-09-24T02:00:00Z,0,1.532,284.0,1.074,1.075,1.186,0.394,0.426,0.48
2026-09-24T03:00:00Z,0,1.506,284.0,0.905,1.087,1.136,0.376,0.418,0.472
2026-09-24T04:00:00Z,0,1.374,216.0,1.056,1.13,1.089,0.443,0.502,0.549
2026-09-24T05:00:00Z,0,1.38,224.0,0.958,0.975,1.027,0.434,0.476,0.522
2026-09-24T06:00:00Z,0,1.392,284.0,1.138,1.016,1.004,0.473,0.506,0.553
2026-09-24T07:00:00Z,0,1.348,212.0,1.142,0.912,0.956,0.524,0.547,0.578
2026-09-24T08:00:00Z,0,1.452,292.0,1.172,0.963,1.051,0.481,0.503,0.535
2026-09-24T09:00:00Z,0,1.443,288.0,1.2,0.999,1.007,0.528,0.552,0.583
2026-09-24T10:00:00Z,0,1.385,252.0,1.204,1.019,0.987,0.519,0.56,0.604
2026-09-24T11:00:00Z,0,1.42,256.0,1.165,0.959,0.999,0.48,0.504,0.543
2026-09-24T12:00:00Z,0,1.392,288.0,1.105,0.989,1.011,0.454,0.478,0.511
2026-09-24T13:00:00Z,0,1.34,244.0,1.149,1.117,1.012,0.531,0.563,0.599
2026-09-24T14:00:00Z,0,1.232,216.0,1.004,1.019,0.957,0.489,0.525,0.562
2026-09-24T15:00:00Z,0,1.187,252.0,1.088,0.973,0.865,0.54,0.57,0.605
2026-09-24T16:00:00Z,0,1.213,280.0,0.974,0.928,0.865,0.482,0.513,0.541
2026-09-24T17:00:00Z,0,1.236,220.0,1.129,1.097,0.981,0.574,0.597,0.631
2026-09-24T18:00:00Z,0,1.185,276.0,0.887,0.856,0.962,0.468,0.495,0.526
2026-09-24T19:00:00Z,0,1.236,224.0,0.929,0.823,0.857,0.492,0.528,0.56
2026-09-24T20:00:00Z,0,1.258,268.0,1.137,1.005,0.975,0.547,0.579,0.613
2026-09-24T21:00:00Z,0,1.23,264.0,1.046,0.965,0.969,0.476,0.503,0.537
2026-09-24T22:00:00Z,0,1.281,268.0,1.029,1.024,1.04,0.488,0.531,0.575
2026-09-24T23:00:00Z,0,1.333,276.0,0.976,1.068,1.217,0.427,0.468,0.521
2026-09-25T00:00:00Z,0,1.222,264.0,1.156,1.0,0.993,0.547,0.573,0.605
2026-09-25T01:00:00Z,0,1.276,276.0,1.086,1.007,1.045,0.501,0.526,0.562
2026-09-25T02:00:00Z,0,1.225,212.0,1.203,0.937,0.883,0.584,0.607,0.63
2026-09-25T03:00:00Z,0,1.17,268.0,0.834,0.835,0.972,0.465,0.497,0.527
2026-09-25T04:00:00Z,0,1.215,276.0,0.977,0.917,0.967,0.505,0.538,0.568
2026-09-25T05:00:00Z,0,1.263,252.0,1.133,0.958,0.897,0.558,0.59,0.621
2026-09-25T06:00:00Z,0,1.266,268.0,0.987,0.967,1.064,0.492,0.525,0.559
2026-09-25T07:00:00Z,0,1.135,264.0,0.894,0.876,0.918,0.524,0.559,0.594
2026-09-25T08:00:00Z,0,1.27,276.0,0.946,1.064,1.029,0.474,0.549,0.596
2026-09-25T09:00:00Z,0,1.215,244.0,1.075,0.989,0.964,0.57,0.6,0.627
2026-09-25T10:00:00Z,0,1.138,232.0,1.049,0.986,0.909,0.586,0.619,0.646
2026-09-25T11:00:00Z,0,1.266,252.0,1.232,1.123,1.056,0.581,0.626,0.682
2026-09-25T12:00:00Z,0,1.155,232.0,1.042,1.063,0.952,0.58,0.628,0.674
2026-09-25T13:00:00Z,0,1.1,236.0,1.119,1.046,0.875,0.661,0.709,0.748
2026-09-25T14:00:00Z,0,1.094,248.0,1.078,0.994,0.912,0.601,0.654,0.718
2026-09-25T15:00:00Z,0,1.166,236.0,1.155,1.166,0.947,0.635,0.69,0.745
2026-09-25T16:00:00Z,0,1.101,256.0,1.061,0.985,0.83,0.624,0.658,0.681
2026-09-25T17:00:00Z,0,1.139,240.0,1.198,1.081,0.897,0.647,0.707,0.741
2026-09-25T18:00:00Z,0,1.052,248.0,1.075,1.084,0.931,0.619,0.683,0.752
2026-09-25T19:00:00Z,0,1.206,240.0,1.345,1.171,1.005,0.701,0.753,0.803
2026-09-25T20:00:00Z,0,1.036,232.0,0.982,0.932,0.897,0.619,0.675,0.755
2026-09-25T21:00:00Z,0,1.071,220.0,1.15,0.912,0.814,0.706,0.734,0.756
2026-09-25T22:00:00Z,0,1.16,228.0,1.35,0.943,0.927,0.69,0.709,0.73
2026-09-25T23:00:00Z,0,1.056,240.0,1.071,0.904,0.83,0.621,0.655,0.691
2026-09-26T00:00:00Z,0,1.117,240.0,1.052,0.898,0.824,0.596,0.628,0.655
2026-09-26T01:00:00Z,0,1.118,244.0,1.129,0.922,0.857,0.606,0.638,0.672
2026-09-26T02:00:00Z,0,1.167,256.0,1.119,0.935,0.887,0.578,0.624,0.683
2026-09-26T03:00:00Z,0,1.119,236.0,1.008,0.967,0.874,0.576,0.62,0.667
2026-09-26T04:00:00Z,0,1.014,264.0,0.94,0.903,0.822,0.556,0.64,0.684
2026-09-26T05:00:00Z,0,1.08,272.0,0.989,0.858,0.791,0.576,0.606,0.64
2026-09-26T06:00:00Z,0,1.082,236.0,0.978,0.951,0.814,0.579,0.629,0.674
2026-09-26T07:00:00Z,0,1.106,276.0,0.926,0.894,0.791,0.521,0.563,0.602
2026-09-26T08:00:00Z,0,1.06,212.0,0.886,0.852,0.76,0.531,0.57,0.605
2026-09-26T09:00:00Z,0,1.173,248.0,1.174,0.826,0.802,0.576,0.598,0.617
2026-09-26T10:00:00Z,0,1.168,208.0,1.046,0.86,0.807,0.559,0.592,0.624
2026-09-26T11:00:00Z,0,1.111,224.0,1.308,1.002,0.753,0.679,0.703,0.732
2026-09-26T12:00:00Z,0,1.064,240.0,1.267,0.965,0.682,0.668,0.701,0.722
2026-09-26T13:00:00Z,0,1.019,228.0,1.092,0.969,0.729,0.653,0.682,0.711
2026-09-26T14:00:00Z,0,1.04,224.0,1.258,1.007,0.794,0.677,0.72,0.764
2026-09-26T15:00:00Z,0,0.907,212.0,0.933,0.862,0.75,0.585,0.633,0.695
2026-09-26T16:00:00Z,0,0.949,244.0,0.863,0.848,0.785,0.532,0.574,0.634
2026-09-26T17:00:00Z,0,0.987,212.0,0.922,0.779,0.728,0.569,0.599,0.626
2026-09-26T18:00:00Z,0,1.054,256.0,1.065,0.842,0.789,0.612,0.639,0.665
2026-09-26T19:00:00Z,0,1.066,256.0,0.832,0.806,0.812,0.523,0.565,0.606
2026-09-26T20:00:00Z,0,1.14,236.0,1.032,0.8,0.79,0.593,0.614,0.628
2026-09-26T21:00:00Z,0,1.168,216.0,1.146,0.88,0.858,0.587,0.61,0.63
2026-09-26T22:00:00Z,0,1.223,220.0,1.265,0.96,0.882,0.657,0.682,0.702
2026-09-26T23:00:00Z,0,1.14,268.0,0.956,0.843,0.884,0.535,0.564,0.606
2026-09-27T00:00:00Z,0,1.125,196.0,0.829,0.799,0.863,0.546,0.57,0.576
2026-09-27T01:00:00Z,0,1.277,204.0,1.102,0.92,1.021,0.567,0.605,0.629
2026-09-27T02:00:00Z,0,1.316,204.0,1.18,0.864,1.024,0.675,0.703,0.704
2026-09-27T03:00:00Z,0,1.257,208.0,1.303,0.97,0.96,0.687,0.704,0.725
2026-09-27T04:00:00Z,0,1.116,212.0,1.003,0.811,0.826,0.651,0.675,0.694
2026-09-27T05:00:00Z,0,1.179,196.0,1.059,0.77,0.815,0.691,0.706,0.691
2026-09-27T06:00:00Z,0,1.216,184.0,1.143,1.013,0.897,0.697,0.736,0.756
2026-09-27T07:00:00Z,0,1.267,196.0,1.13,0.824,0.821,0.733,0.747,0.707
2026-09-27T08:00:00Z,0,1.203,212.0,1.37,0.886,0.812,0.705,0.729,0.74
2026-09-27T09:00:00Z,0,1.425,200.0,1.008,0.845,1.025,0.674,0.674,0.65
2026-09-27T10:00:00Z,0,1.38,236.0,1.259,1.089,0.982,0.642,0.667,0.692
2026-09-27T11:00:00Z,0,1.37,240.0,1.209,1.028,1.03,0.63,0.677,0.743
2026-09-27T12:00:00Z,0,1.346,200.0,1.063,0.899,0.916,0.626,0.68,0.688
2026-09-27T13:00:00Z,0,1.482,224.0,1.489,1.119,0.978,0.75,0.771,0.785
2026-09-27T14:00:00Z,0,1.445,208.0,1.129,0.738,0.839,0.743,0.73,0.7
2026-09-27T15:00:00Z,0,1.371,216.0,1.176,0.888,0.913,0.701,0.71,0.772
2026-09-27T16:00:00Z,0,1.402,200.0,1.265,0.882,0.904,0.717,0.742,0.752
2026-09-27T17:00:00Z,0,1.284,216.0,1.273,0.869,0.894,0.735,0.79,0.792
2026-09-27T18:00:00Z,0,1.371,200.0,1.289,0.896,0.915,0.773,0.795,0.8
2026-09-27T19:00:00Z,0,1.331,200.0,1.09,0.784,0.95,0.681,0.701,0.711
2026-09-27T20:00:00Z,0,1.246,200.0,1.17,0.831,0.832,0.75,0.763,0.758
2026-09-27T21:00:00Z,0,1.251,204.0,0.995,0.896,1.005,0.668,0.687,0.674
2026-09-27T22:00:00Z,0,1.092,208.0,0.831,0.686,0.817,0.652,0.694,0.719
2026-09-27T23:00:00Z,0,1.247,212.0,1.155,0.847,0.936,0.68,0.69,0.686
2026-09-28T00:00:00Z,0,1.199,268.0,0.912,0.785,0.908,0.601,0.618,0.633
2026-09-28T01:00:00Z,0,1.196,204.0,0.883,0.809,0.826,0.553,0.586,0.609
2026-09-28T02:00:00Z,0,1.27,272.0,0.979,0.832,0.945,0.587,0.602,0.575
2026-09-28T03:00:00Z,0,1.252,272.0,0.937,0.783,0.843,0.586,0.6,0.589
2026-09-28T04:00:00Z,0,1.282,232.0,1.007,0.828,0.903,0.63,0.641,0.619
2026-09-28T05:00:00Z,0,1.171,204.0,0.904,0.79,0.806,0.619,0.664,0.672
2026-09-28T06:00:00Z,0,1.275,200.0,1.013,0.818,0.805,0.642,0.677,0.685
2026-09-28T07:00:00Z,0,1.223,208.0,0.876,0.773,0.868,0.596,0.617,0.639
2026-09-28T08:00:00Z,0,1.289,216.0,0.948,0.813,0.827,0.645,0.658,0.663
2026-09-28T09:00:00Z,0,1.323,280.0,1.008,0.807,0.85,0.637,0.652,0.641
2026-09-28T10:00:00Z,0,1.276,256.0,1.087,0.794,0.808,0.636,0.658,0.668
2026-09-28T11:00:00Z,0,1.177,200.0,1.033,0.902,0.774,0.658,0.675,0.686
2026-09-28T12:00:00Z,0,1.191,188.0,0.939,0.859,0.807,0.624,0.657,0.679
2026-09-28T13:00:00Z,0,1.139,220.0,1.025,0.876,0.82,0.65,0.678,0.69
2026-09-28T14:00:00Z,0,1.261,200.0,0.986,0.778,0.797,0.67,0.676,0.666
2026-09-28T15:00:00Z,0,1.2,196.0,0.991,0.849,0.763,0.605,0.645,0.671
2026-09-28T16:00:00Z,0,1.26,216.0,1.162,0.986,0.891,0.663,0.69,0.706
2026-09-28T17:00:00Z,0,1.305,200.0,1.043,0.848,0.946,0.638,0.654,0.636
