generated_utc,cycle_utc,valid_utc,lead_h,wave_source,site,hs_m,hs_basis,depth_m,hs_5m_m,hs_window_m,hs_offshore_m,period_s,from_deg,build_sha
2026-10-01T02:22:57Z,2026-09-30T18:00:00Z,2026-09-30T18:00:00Z,0,spectrum,buoy,0.949,buoy,,,,0.949,14.5,217.0,5467176
2026-10-01T02:22:57Z,2026-09-30T18:00:00Z,2026-09-30T18:00:00Z,0,spectrum,coronado_north,0.93,breaking,1.93,0.772,0.573,0.949,15.6,220.0,5467176
2026-10-01T02:22:57Z,2026-09-30T18:00:00Z,2026-09-30T18:00:00Z,0,spectrum,coronado_center,0.786,breaking,1.76,0.641,0.606,0.949,15.6,236.0,5467176
2026-10-01T02:22:57Z,2026-09-30T18:00:00Z,2026-09-30T18:00:00Z,0,spectrum,coronado_south,0.672,breaking,1.68,0.541,0.638,0.949,13.6,250.0,5467176
2026-10-01T02:22:57Z,2026-09-30T18:00:00Z,2026-09-30T21:00:00Z,3,spectrum,buoy,0.895,buoy,,,,0.895,13.6,225.0,5467176
2026-10-01T02:22:57Z,2026-09-30T18:00:00Z,2026-09-30T21:00:00Z,3,spectrum,coronado_north,0.981,breaking,1.97,0.826,0.564,0.895,15.6,221.0,5467176
2026-10-01T02:22:57Z,2026-09-30T18:00:00Z,2026-09-30T21:00:00Z,3,spectrum,coronado_center,0.861,breaking,1.83,0.706,0.596,0.895,15.6,236.0,5467176
2026-10-01T02:22:57Z,2026-09-30T18:00:00Z,2026-09-30T21:00:00Z,3,spectrum,coronado_south,0.736,breaking,1.68,0.596,0.623,0.895,13.6,251.0,5467176
2026-10-01T02:22:57Z,2026-09-30T18:00:00Z,2026-10-01T00:00:00Z,6,spectrum,buoy,0.861,buoy,,,,0.861,13.6,224.0,5467176
2026-10-01T02:22:57Z,2026-09-30T18:00:00Z,2026-10-01T00:00:00Z,6,spectrum,coronado_north,0.907,breaking,2.01,0.75,0.556,0.861,15.6,221.0,5467176
2026-10-01T02:22:57Z,2026-09-30T18:00:00Z,2026-10-01T00:00:00Z,6,spectrum,coronado_center,0.781,breaking,1.72,0.62,0.586,0.861,15.6,235.0,5467176
2026-10-01T02:22:57Z,2026-09-30T18:00:00Z,2026-10-01T00:00:00Z,6,spectrum,coronado_south,0.652,breaking,1.37,0.502,0.611,0.861,13.6,251.0,5467176
2026-10-01T02:22:57Z,2026-09-30T18:00:00Z,2026-10-01T03:00:00Z,9,spectrum,buoy,0.834,buoy,,,,0.834,13.6,219.0,5467176
2026-10-01T02:22:57Z,2026-09-30T18:00:00Z,2026-10-01T03:00:00Z,9,spectrum,coronado_north,0.907,breaking,1.89,0.746,0.553,0.834,15.6,221.0,5467176
2026-10-01T02:22:57Z,2026-09-30T18:00:00Z,2026-10-01T03:00:00Z,9,spectrum,coronado_center,0.777,breaking,1.56,0.613,0.582,0.834,14.5,236.0,5467176
2026-10-01T02:22:57Z,2026-09-30T18:00:00Z,2026-10-01T03:00:00Z,9,spectrum,coronado_south,0.637,breaking,1.33,0.485,0.604,0.834,13.6,250.0,5467176
2026-10-01T02:22:57Z,2026-09-30T18:00:00Z,2026-10-01T06:00:00Z,12,spectrum,buoy,0.807,buoy,,,,0.807,13.6,214.0,5467176
2026-10-01T02:22:57Z,2026-09-30T18:00:00Z,2026-10-01T06:00:00Z,12,spectrum,coronado_north,0.896,breaking,1.7,0.741,0.55,0.807,15.6,221.0,5467176
2026-10-01T02:22:57Z,2026-09-30T18:00:00Z,2026-10-01T06:00:00Z,12,spectrum,coronado_center,0.76,breaking,1.54,0.605,0.578,0.807,14.5,235.0,5467176
2026-10-01T02:22:57Z,2026-09-30T18:00:00Z,2026-10-01T06:00:00Z,12,spectrum,coronado_south,0.598,breaking,1.52,0.464,0.598,0.807,11.9,247.0,5467176
2026-10-01T02:22:57Z,2026-09-30T18:00:00Z,2026-10-01T09:00:00Z,15,spectrum,buoy,0.78,buoy,,,,0.78,14.5,217.0,5467176
2026-10-01T02:22:57Z,2026-09-30T18:00:00Z,2026-10-01T09:00:00Z,15,spectrum,coronado_north,0.894,breaking,1.79,0.737,0.544,0.78,14.5,221.0,5467176
2026-10-01T02:22:57Z,2026-09-30T18:00:00Z,2026-10-01T09:00:00Z,15,spectrum,coronado_center,0.755,breaking,1.61,0.6,0.571,0.78,14.5,235.0,5467176
2026-10-01T02:22:57Z,2026-09-30T18:00:00Z,2026-10-01T09:00:00Z,15,spectrum,coronado_south,0.579,breaking,1.33,0.445,0.59,0.78,11.9,246.0,5467176
2026-10-01T02:22:57Z,2026-09-30T18:00:00Z,2026-10-01T12:00:00Z,18,spectrum,buoy,0.76,buoy,,,,0.76,14.5,218.0,5467176
2026-10-01T02:22:57Z,2026-09-30T18:00:00Z,2026-10-01T12:00:00Z,18,spectrum,coronado_north,0.888,breaking,1.72,0.737,0.539,0.76,14.5,221.0,5467176
2026-10-01T02:22:57Z,2026-09-30T18:00:00Z,2026-10-01T12:00:00Z,18,spectrum,coronado_center,0.757,breaking,1.53,0.602,0.566,0.76,14.5,233.0,5467176
2026-10-01T02:22:57Z,2026-09-30T18:00:00Z,2026-10-01T12:00:00Z,18,spectrum,coronado_south,0.561,breaking,1.42,0.43,0.583,0.76,11.9,244.0,5467176
2026-10-01T02:22:57Z,2026-09-30T18:00:00Z,2026-10-01T15:00:00Z,21,spectrum,buoy,0.744,buoy,,,,0.744,14.5,217.0,5467176
2026-10-01T02:22:57Z,2026-09-30T18:00:00Z,2026-10-01T15:00:00Z,21,spectrum,coronado_north,0.888,breaking,1.83,0.731,0.531,0.744,14.5,221.0,5467176
2026-10-01T02:22:57Z,2026-09-30T18:00:00Z,2026-10-01T15:00:00Z,21,spectrum,coronado_center,0.75,breaking,1.59,0.596,0.556,0.744,14.5,233.0,5467176
2026-10-01T02:22:57Z,2026-09-30T18:00:00Z,2026-10-01T15:00:00Z,21,spectrum,coronado_south,0.552,breaking,1.31,0.417,0.572,0.744,12.7,244.0,5467176
2026-10-01T02:22:57Z,2026-09-30T18:00:00Z,2026-10-01T18:00:00Z,24,spectrum,buoy,0.735,buoy,,,,0.735,13.6,215.0,5467176
2026-10-01T02:22:57Z,2026-09-30T18:00:00Z,2026-10-01T18:00:00Z,24,spectrum,coronado_north,0.889,breaking,1.85,0.732,0.526,0.735,14.5,221.0,5467176
2026-10-01T02:22:57Z,2026-09-30T18:00:00Z,2026-10-01T18:00:00Z,24,spectrum,coronado_center,0.735,breaking,1.66,0.593,0.55,0.735,14.5,235.0,5467176
2026-10-01T02:22:57Z,2026-09-30T18:00:00Z,2026-10-01T18:00:00Z,24,spectrum,coronado_south,0.539,breaking,1.35,0.411,0.565,0.735,12.7,244.0,5467176
2026-10-01T02:22:57Z,2026-09-30T18:00:00Z,2026-10-01T21:00:00Z,27,spectrum,buoy,0.76,buoy,,,,0.76,13.6,215.0,5467176
2026-10-01T02:22:57Z,2026-09-30T18:00:00Z,2026-10-01T21:00:00Z,27,spectrum,coronado_north,0.893,breaking,1.84,0.738,0.526,0.76,13.6,220.0,5467176
2026-10-01T02:22:57Z,2026-09-30T18:00:00Z,2026-10-01T21:00:00Z,27,spectrum,coronado_center,0.733,breaking,1.65,0.592,0.55,0.76,14.5,235.0,5467176
2026-10-01T02:22:57Z,2026-09-30T18:00:00Z,2026-10-01T21:00:00Z,27,spectrum,coronado_south,0.546,breaking,1.36,0.418,0.567,0.76,12.7,244.0,5467176
2026-10-01T02:22:57Z,2026-09-30T18:00:00Z,2026-10-02T00:00:00Z,30,spectrum,buoy,0.786,buoy,,,,0.786,12.7,217.0,5467176
2026-10-01T02:22:57Z,2026-09-30T18:00:00Z,2026-10-02T00:00:00Z,30,spectrum,coronado_north,0.904,breaking,2.05,0.759,0.539,0.786,13.6,220.0,5467176
2026-10-01T02:22:57Z,2026-09-30T18:00:00Z,2026-10-02T00:00:00Z,30,spectrum,coronado_center,0.754,breaking,1.51,0.603,0.566,0.786,13.6,234.0,5467176
2026-10-01T02:22:57Z,2026-09-30T18:00:00Z,2026-10-02T00:00:00Z,30,spectrum,coronado_south,0.561,breaking,1.41,0.427,0.585,0.786,12.7,243.0,5467176
2026-10-01T02:22:57Z,2026-09-30T18:00:00Z,2026-10-02T03:00:00Z,33,spectrum,buoy,0.807,buoy,,,,0.807,12.7,215.0,5467176
2026-10-01T02:22:57Z,2026-09-30T18:00:00Z,2026-10-02T03:00:00Z,33,spectrum,coronado_north,0.939,breaking,1.9,0.784,0.554,0.807,13.6,220.0,5467176
2026-10-01T02:22:57Z,2026-09-30T18:00:00Z,2026-10-02T03:00:00Z,33,spectrum,coronado_center,0.776,breaking,1.53,0.615,0.581,0.807,13.6,234.0,5467176
2026-10-01T02:22:57Z,2026-09-30T18:00:00Z,2026-10-02T03:00:00Z,33,spectrum,coronado_south,0.57,breaking,1.23,0.428,0.603,0.807,11.9,242.0,5467176
2026-10-01T02:22:57Z,2026-09-30T18:00:00Z,2026-10-02T06:00:00Z,36,spectrum,buoy,0.817,buoy,,,,0.817,12.7,214.0,5467176
2026-10-01T02:22:57Z,2026-09-30T18:00:00Z,2026-10-02T06:00:00Z,36,spectrum,coronado_north,0.952,breaking,2.14,0.801,0.562,0.817,13.6,220.0,5467176
2026-10-01T02:22:57Z,2026-09-30T18:00:00Z,2026-10-02T06:00:00Z,36,spectrum,coronado_center,0.77,breaking,1.76,0.619,0.589,0.817,13.6,233.0,5467176
2026-10-01T02:22:57Z,2026-09-30T18:00:00Z,2026-10-02T06:00:00Z,36,spectrum,coronado_south,0.565,breaking,1.3,0.425,0.609,0.817,11.9,240.0,5467176
2026-10-01T02:22:57Z,2026-09-30T18:00:00Z,2026-10-02T09:00:00Z,39,spectrum,buoy,0.813,buoy,,,,0.813,12.7,214.0,5467176
2026-10-01T02:22:57Z,2026-09-30T18:00:00Z,2026-10-02T09:00:00Z,39,spectrum,coronado_north,0.947,breaking,1.92,0.808,0.563,0.813,12.7,220.0,5467176
2026-10-01T02:22:57Z,2026-09-30T18:00:00Z,2026-10-02T09:00:00Z,39,spectrum,coronado_center,0.769,breaking,1.6,0.617,0.587,0.813,13.6,233.0,5467176
2026-10-01T02:22:57Z,2026-09-30T18:00:00Z,2026-10-02T09:00:00Z,39,spectrum,coronado_south,0.543,breaking,1.25,0.411,0.603,0.813,11.9,237.0,5467176
2026-10-01T02:22:57Z,2026-09-30T18:00:00Z,2026-10-02T12:00:00Z,42,spectrum,buoy,0.804,buoy,,,,0.804,12.7,213.0,5467176
2026-10-01T02:22:57Z,2026-09-30T18:00:00Z,2026-10-02T12:00:00Z,42,spectrum,coronado_north,0.942,breaking,1.91,0.801,0.559,0.804,12.7,220.0,5467176
2026-10-01T02:22:57Z,2026-09-30T18:00:00Z,2026-10-02T12:00:00Z,42,spectrum,coronado_center,0.757,breaking,1.59,0.605,0.581,0.804,13.6,232.0,5467176
2026-10-01T02:22:57Z,2026-09-30T18:00:00Z,2026-10-02T12:00:00Z,42,spectrum,coronado_south,0.528,breaking,1.22,0.396,0.593,0.804,11.9,235.0,5467176
2026-10-01T02:22:57Z,2026-09-30T18:00:00Z,2026-10-02T15:00:00Z,45,spectrum,buoy,0.797,buoy,,,,0.797,12.7,213.0,5467176
2026-10-01T02:22:57Z,2026-09-30T18:00:00Z,2026-10-02T15:00:00Z,45,spectrum,coronado_north,0.936,breaking,1.89,0.791,0.555,0.797,12.7,219.0,5467176
2026-10-01T02:22:57Z,2026-09-30T18:00:00Z,2026-10-02T15:00:00Z,45,spectrum,coronado_center,0.753,breaking,1.55,0.594,0.574,0.797,16.6,231.0,5467176
2026-10-01T02:22:57Z,2026-09-30T18:00:00Z,2026-10-02T15:00:00Z,45,spectrum,coronado_south,0.518,breaking,1.25,0.387,0.585,0.797,11.9,233.0,5467176
2026-10-01T02:22:57Z,2026-09-30T18:00:00Z,2026-10-02T18:00:00Z,48,spectrum,buoy,0.807,buoy,,,,0.807,11.9,214.0,5467176
2026-10-01T02:22:57Z,2026-09-30T18:00:00Z,2026-10-02T18:00:00Z,48,spectrum,coronado_north,0.933,breaking,1.95,0.784,0.551,0.807,12.7,219.0,5467176
2026-10-01T02:22:57Z,2026-09-30T18:00:00Z,2026-10-02T18:00:00Z,48,spectrum,coronado_center,0.735,breaking,1.8,0.588,0.569,0.807,12.7,232.0,5467176
2026-10-01T02:22:57Z,2026-09-30T18:00:00Z,2026-10-02T18:00:00Z,48,spectrum,coronado_south,0.505,breaking,1.27,0.38,0.578,0.807,11.9,232.0,5467176
2026-10-01T02:22:57Z,2026-09-30T18:00:00Z,2026-10-02T21:00:00Z,51,spectrum,buoy,0.821,buoy,,,,0.821,11.9,214.0,5467176
2026-10-01T02:22:57Z,2026-09-30T18:00:00Z,2026-10-02T21:00:00Z,51,spectrum,coronado_north,0.942,breaking,1.88,0.78,0.548,0.821,12.7,219.0,5467176
2026-10-01T02:22:57Z,2026-09-30T18:00:00Z,2026-10-02T21:00:00Z,51,spectrum,coronado_center,0.731,breaking,1.59,0.584,0.566,0.821,12.7,232.0,5467176
2026-10-01T02:22:57Z,2026-09-30T18:00:00Z,2026-10-02T21:00:00Z,51,spectrum,coronado_south,0.513,breaking,1.29,0.388,0.574,0.821,11.9,232.0,5467176
2026-10-01T02:22:57Z,2026-09-30T18:00:00Z,2026-10-03T00:00:00Z,54,spectrum,buoy,0.834,buoy,,,,0.834,11.9,213.0,5467176
2026-10-01T02:22:57Z,2026-09-30T18:00:00Z,2026-10-03T00:00:00Z,54,spectrum,coronado_north,0.94,breaking,1.86,0.778,0.547,0.834,16.6,220.0,5467176
2026-10-01T02:22:57Z,2026-09-30T18:00:00Z,2026-10-03T00:00:00Z,54,spectrum,coronado_center,0.746,breaking,1.54,0.587,0.567,0.834,16.6,231.0,5467176
2026-10-01T02:22:57Z,2026-09-30T18:00:00Z,2026-10-03T00:00:00Z,54,spectrum,coronado_south,0.51,breaking,1.33,0.382,0.579,0.834,11.9,231.0,5467176
2026-10-01T02:22:57Z,2026-09-30T18:00:00Z,2026-10-03T03:00:00Z,57,spectrum,buoy,0.851,buoy,,,,0.851,15.6,215.0,5467176
2026-10-01T02:22:57Z,2026-09-30T18:00:00Z,2026-10-03T03:00:00Z,57,spectrum,coronado_north,0.931,breaking,1.99,0.773,0.544,0.851,15.6,220.0,5467176
2026-10-01T02:22:57Z,2026-09-30T18:00:00Z,2026-10-03T03:00:00Z,57,spectrum,coronado_center,0.745,breaking,1.63,0.586,0.565,0.851,16.6,231.0,5467176
2026-10-01T02:22:57Z,2026-09-30T18:00:00Z,2026-10-03T03:00:00Z,57,spectrum,coronado_south,0.535,breaking,1.14,0.386,0.58,0.851,11.9,230.0,5467176
2026-10-01T02:22:57Z,2026-09-30T18:00:00Z,2026-10-03T06:00:00Z,60,spectrum,buoy,0.847,buoy,,,,0.847,15.6,216.0,5467176
2026-10-01T02:22:57Z,2026-09-30T18:00:00Z,2026-10-03T06:00:00Z,60,spectrum,coronado_north,0.927,breaking,1.92,0.766,0.538,0.847,15.6,220.0,5467176
2026-10-01T02:22:57Z,2026-09-30T18:00:00Z,2026-10-03T06:00:00Z,60,spectrum,coronado_center,0.744,breaking,1.59,0.58,0.56,0.847,16.6,231.0,5467176
2026-10-01T02:22:57Z,2026-09-30T18:00:00Z,2026-10-03T06:00:00Z,60,spectrum,coronado_south,0.534,breaking,1.04,0.383,0.575,0.847,11.9,229.0,5467176
2026-10-01T02:22:57Z,2026-09-30T18:00:00Z,2026-10-03T09:00:00Z,63,spectrum,buoy,0.821,buoy,,,,0.821,15.6,217.0,5467176
2026-10-01T02:22:57Z,2026-09-30T18:00:00Z,2026-10-03T09:00:00Z,63,spectrum,coronado_north,0.907,breaking,2.0,0.756,0.529,0.821,15.6,220.0,5467176
2026-10-01T02:22:57Z,2026-09-30T18:00:00Z,2026-10-03T09:00:00Z,63,spectrum,coronado_center,0.731,breaking,1.46,0.573,0.551,0.821,15.6,231.0,5467176
2026-10-01T02:22:57Z,2026-09-30T18:00:00Z,2026-10-03T09:00:00Z,63,spectrum,coronado_south,0.515,breaking,1.06,0.378,0.567,0.821,11.9,229.0,5467176
2026-10-01T02:22:57Z,2026-09-30T18:00:00Z,2026-10-03T12:00:00Z,66,spectrum,buoy,0.779,buoy,,,,0.779,15.6,218.0,5467176
2026-10-01T02:22:57Z,2026-09-30T18:00:00Z,2026-10-03T12:00:00Z,66,spectrum,coronado_north,0.906,breaking,1.82,0.746,0.521,0.779,15.6,220.0,5467176
2026-10-01T02:22:57Z,2026-09-30T18:00:00Z,2026-10-03T12:00:00Z,66,spectrum,coronado_center,0.721,breaking,1.5,0.566,0.543,0.779,15.6,231.0,5467176
2026-10-01T02:22:57Z,2026-09-30T18:00:00Z,2026-10-03T12:00:00Z,66,spectrum,coronado_south,0.506,breaking,1.29,0.371,0.558,0.779,11.9,229.0,5467176
2026-10-01T02:22:57Z,2026-09-30T18:00:00Z,2026-10-03T15:00:00Z,69,spectrum,buoy,0.751,buoy,,,,0.751,15.6,219.0,5467176
2026-10-01T02:22:57Z,2026-09-30T18:00:00Z,2026-10-03T15:00:00Z,69,spectrum,coronado_north,0.899,breaking,1.82,0.739,0.515,0.751,15.6,220.0,5467176
2026-10-01T02:22:57Z,2026-09-30T18:00:00Z,2026-10-03T15:00:00Z,69,spectrum,coronado_center,0.715,breaking,1.5,0.56,0.535,0.751,15.6,231.0,5467176
2026-10-01T02:22:57Z,2026-09-30T18:00:00Z,2026-10-03T15:00:00Z,69,spectrum,coronado_south,0.496,breaking,1.27,0.363,0.548,0.751,11.9,230.0,5467176
2026-10-01T02:22:57Z,2026-09-30T18:00:00Z,2026-10-03T18:00:00Z,72,spectrum,buoy,0.712,buoy,,,,0.712,15.6,219.0,5467176
2026-10-01T02:22:57Z,2026-09-30T18:00:00Z,2026-10-03T18:00:00Z,72,spectrum,coronado_north,0.895,breaking,1.78,0.735,0.512,0.712,15.6,220.0,5467176
2026-10-01T02:22:57Z,2026-09-30T18:00:00Z,2026-10-03T18:00:00Z,72,spectrum,coronado_center,0.708,breaking,1.58,0.556,0.53,0.712,15.6,231.0,5467176
2026-10-01T02:22:57Z,2026-09-30T18:00:00Z,2026-10-03T18:00:00Z,72,spectrum,coronado_south,0.483,breaking,1.15,0.354,0.541,0.712,11.9,230.0,5467176
2026-10-01T02:22:57Z,2026-09-30T18:00:00Z,2026-10-03T21:00:00Z,75,spectrum,buoy,0.723,buoy,,,,0.723,15.6,219.0,5467176
2026-10-01T02:22:57Z,2026-09-30T18:00:00Z,2026-10-03T21:00:00Z,75,spectrum,coronado_north,0.898,breaking,1.79,0.737,0.513,0.723,15.6,220.0,5467176
2026-10-01T02:22:57Z,2026-09-30T18:00:00Z,2026-10-03T21:00:00Z,75,spectrum,coronado_center,0.699,breaking,1.56,0.555,0.532,0.723,15.6,231.0,5467176
2026-10-01T02:22:57Z,2026-09-30T18:00:00Z,2026-10-03T21:00:00Z,75,spectrum,coronado_south,0.48,breaking,1.14,0.35,0.541,0.723,9.0,229.0,5467176
2026-10-01T02:22:57Z,2026-09-30T18:00:00Z,2026-10-04T00:00:00Z,78,spectrum,buoy,0.724,buoy,,,,0.724,14.5,215.0,5467176
2026-10-01T02:22:57Z,2026-09-30T18:00:00Z,2026-10-04T00:00:00Z,78,spectrum,coronado_north,0.897,breaking,1.78,0.739,0.515,0.724,14.5,220.0,5467176
2026-10-01T02:22:57Z,2026-09-30T18:00:00Z,2026-10-04T00:00:00Z,78,spectrum,coronado_center,0.701,breaking,1.75,0.559,0.534,0.724,14.5,230.0,5467176
2026-10-01T02:22:57Z,2026-09-30T18:00:00Z,2026-10-04T00:00:00Z,78,spectrum,coronado_south,0.491,breaking,1.17,0.36,0.545,0.724,11.1,229.0,5467176
2026-10-01T02:22:57Z,2026-09-30T18:00:00Z,2026-10-04T03:00:00Z,81,spectrum,buoy,0.73,buoy,,,,0.73,14.5,216.0,5467176
2026-10-01T02:22:57Z,2026-09-30T18:00:00Z,2026-10-04T03:00:00Z,81,spectrum,coronado_north,0.887,breaking,1.99,0.737,0.514,0.73,14.5,219.0,5467176
2026-10-01T02:22:57Z,2026-09-30T18:00:00Z,2026-10-04T03:00:00Z,81,spectrum,coronado_center,0.712,breaking,1.39,0.558,0.533,0.73,14.5,230.0,5467176
2026-10-01T02:22:57Z,2026-09-30T18:00:00Z,2026-10-04T03:00:00Z,81,spectrum,coronado_south,0.482,breaking,1.0,0.349,0.544,0.73,8.5,229.0,5467176
2026-10-01T02:22:57Z,2026-09-30T18:00:00Z,2026-10-04T06:00:00Z,84,spectrum,buoy,0.81,buoy,,,,0.81,14.5,216.0,5467176
2026-10-01T02:22:57Z,2026-09-30T18:00:00Z,2026-10-04T06:00:00Z,84,spectrum,coronado_north,0.89,breaking,1.84,0.73,0.508,0.81,14.5,219.0,5467176
2026-10-01T02:22:57Z,2026-09-30T18:00:00Z,2026-10-04T06:00:00Z,84,spectrum,coronado_center,0.713,breaking,1.47,0.552,0.528,0.81,14.5,230.0,5467176
2026-10-01T02:22:57Z,2026-09-30T18:00:00Z,2026-10-04T06:00:00Z,84,spectrum,coronado_south,0.49,breaking,0.97,0.348,0.539,0.81,11.1,229.0,5467176
2026-10-01T02:22:57Z,2026-09-30T18:00:00Z,2026-10-04T09:00:00Z,87,spectrum,buoy,0.791,buoy,,,,0.791,14.5,216.0,5467176
2026-10-01T02:22:57Z,2026-09-30T18:00:00Z,2026-10-04T09:00:00Z,87,spectrum,coronado_north,0.877,breaking,1.93,0.726,0.505,0.791,14.5,219.0,5467176
2026-10-01T02:22:57Z,2026-09-30T18:00:00Z,2026-10-04T09:00:00Z,87,spectrum,coronado_center,0.695,breaking,1.34,0.544,0.523,0.791,14.5,230.0,5467176
2026-10-01T02:22:57Z,2026-09-30T18:00:00Z,2026-10-04T09:00:00Z,87,spectrum,coronado_south,0.473,breaking,1.14,0.341,0.534,0.791,11.1,228.0,5467176
2026-10-01T02:22:57Z,2026-09-30T18:00:00Z,2026-10-04T12:00:00Z,90,spectrum,buoy,0.732,buoy,,,,0.732,14.5,215.0,5467176
2026-10-01T02:22:57Z,2026-09-30T18:00:00Z,2026-10-04T12:00:00Z,90,spectrum,coronado_north,0.885,breaking,1.82,0.728,0.506,0.732,14.5,219.0,5467176
2026-10-01T02:22:57Z,2026-09-30T18:00:00Z,2026-10-04T12:00:00Z,90,spectrum,coronado_center,0.686,breaking,1.5,0.535,0.523,0.732,14.5,230.0,5467176
2026-10-01T02:22:57Z,2026-09-30T18:00:00Z,2026-10-04T12:00:00Z,90,spectrum,coronado_south,0.461,breaking,1.1,0.336,0.533,0.732,14.5,228.0,5467176
2026-10-01T02:22:57Z,2026-09-30T18:00:00Z,2026-10-04T15:00:00Z,93,spectrum,buoy,0.695,buoy,,,,0.695,14.5,215.0,5467176
2026-10-01T02:22:57Z,2026-09-30T18:00:00Z,2026-10-04T15:00:00Z,93,spectrum,coronado_north,0.894,breaking,1.8,0.733,0.509,0.695,15.6,218.0,5467176
2026-10-01T02:22:57Z,2026-09-30T18:00:00Z,2026-10-04T15:00:00Z,93,spectrum,coronado_center,0.679,breaking,1.54,0.53,0.525,0.695,14.5,230.0,5467176
2026-10-01T02:22:57Z,2026-09-30T18:00:00Z,2026-10-04T15:00:00Z,93,spectrum,coronado_south,0.458,breaking,1.1,0.332,0.532,0.695,14.5,228.0,5467176
2026-10-01T02:22:57Z,2026-09-30T18:00:00Z,2026-10-04T18:00:00Z,96,spectrum,buoy,0.682,buoy,,,,0.682,15.6,209.0,5467176
2026-10-01T02:22:57Z,2026-09-30T18:00:00Z,2026-10-04T18:00:00Z,96,spectrum,coronado_north,0.903,breaking,1.75,0.743,0.516,0.682,15.6,218.0,5467176
2026-10-01T02:22:57Z,2026-09-30T18:00:00Z,2026-10-04T18:00:00Z,96,spectrum,coronado_center,0.686,breaking,1.44,0.534,0.531,0.682,14.5,230.0,5467176
2026-10-01T02:22:57Z,2026-09-30T18:00:00Z,2026-10-04T18:00:00Z,96,spectrum,coronado_south,0.457,breaking,1.19,0.33,0.536,0.682,14.5,227.0,5467176
2026-10-01T02:22:57Z,2026-09-30T18:00:00Z,2026-10-04T21:00:00Z,99,spectrum,buoy,0.692,buoy,,,,0.692,13.6,211.0,5467176
2026-10-01T02:22:57Z,2026-09-30T18:00:00Z,2026-10-04T21:00:00Z,99,spectrum,coronado_north,0.913,breaking,1.81,0.753,0.531,0.692,15.6,218.0,5467176
2026-10-01T02:22:57Z,2026-09-30T18:00:00Z,2026-10-04T21:00:00Z,99,spectrum,coronado_center,0.701,breaking,1.68,0.556,0.548,0.692,13.6,230.0,5467176
2026-10-01T02:22:57Z,2026-09-30T18:00:00Z,2026-10-04T21:00:00Z,99,spectrum,coronado_south,0.511,breaking,1.24,0.382,0.554,0.692,14.5,225.0,5467176
2026-10-01T02:22:57Z,2026-09-30T18:00:00Z,2026-10-05T00:00:00Z,102,spectrum,buoy,0.686,buoy,,,,0.686,14.5,210.0,5467176
2026-10-01T02:22:57Z,2026-09-30T18:00:00Z,2026-10-05T00:00:00Z,102,spectrum,coronado_north,0.899,breaking,1.86,0.741,0.526,0.686,14.5,218.0,5467176
2026-10-01T02:22:57Z,2026-09-30T18:00:00Z,2026-10-05T00:00:00Z,102,spectrum,coronado_center,0.672,breaking,1.52,0.532,0.541,0.686,13.6,229.0,5467176
2026-10-01T02:22:57Z,2026-09-30T18:00:00Z,2026-10-05T00:00:00Z,102,spectrum,coronado_south,0.482,breaking,0.95,0.352,0.545,0.686,14.5,224.0,5467176
2026-10-01T02:22:57Z,2026-09-30T18:00:00Z,2026-10-05T03:00:00Z,105,spectrum,buoy,0.669,buoy,,,,0.669,14.5,209.0,5467176
2026-10-01T02:22:57Z,2026-09-30T18:00:00Z,2026-10-05T03:00:00Z,105,spectrum,coronado_north,0.887,breaking,1.8,0.73,0.518,0.669,14.5,218.0,5467176
2026-10-01T02:22:57Z,2026-09-30T18:00:00Z,2026-10-05T03:00:00Z,105,spectrum,coronado_center,0.663,breaking,1.46,0.515,0.531,0.669,13.6,229.0,5467176
2026-10-01T02:22:57Z,2026-09-30T18:00:00Z,2026-10-05T03:00:00Z,105,spectrum,coronado_south,0.452,breaking,1.22,0.328,0.533,0.669,14.5,229.0,5467176
2026-10-01T02:22:57Z,2026-09-30T18:00:00Z,2026-10-05T06:00:00Z,108,spectrum,buoy,0.657,buoy,,,,0.657,14.5,208.0,5467176
2026-10-01T02:22:57Z,2026-09-30T18:00:00Z,2026-10-05T06:00:00Z,108,spectrum,coronado_north,0.876,breaking,1.84,0.717,0.51,0.657,14.5,218.0,5467176
2026-10-01T02:22:57Z,2026-09-30T18:00:00Z,2026-10-05T06:00:00Z,108,spectrum,coronado_center,0.651,breaking,1.48,0.501,0.522,0.657,13.6,229.0,5467176
2026-10-01T02:22:57Z,2026-09-30T18:00:00Z,2026-10-05T06:00:00Z,108,spectrum,coronado_south,0.452,breaking,0.96,0.316,0.522,0.657,14.5,229.0,5467176
2026-10-01T02:22:57Z,2026-09-30T18:00:00Z,2026-10-05T09:00:00Z,111,spectrum,buoy,0.653,buoy,,,,0.653,14.5,207.0,5467176
2026-10-01T02:22:57Z,2026-09-30T18:00:00Z,2026-10-05T09:00:00Z,111,spectrum,coronado_north,0.866,breaking,1.89,0.709,0.507,0.653,14.5,217.0,5467176
2026-10-01T02:22:57Z,2026-09-30T18:00:00Z,2026-10-05T09:00:00Z,111,spectrum,coronado_center,0.64,breaking,1.42,0.493,0.518,0.653,14.5,229.0,5467176
2026-10-01T02:22:57Z,2026-09-30T18:00:00Z,2026-10-05T09:00:00Z,111,spectrum,coronado_south,0.44,breaking,1.0,0.307,0.517,0.653,14.5,229.0,5467176
2026-10-01T02:22:57Z,2026-09-30T18:00:00Z,2026-10-05T12:00:00Z,114,spectrum,buoy,0.653,buoy,,,,0.653,14.5,206.0,5467176
2026-10-01T02:22:57Z,2026-09-30T18:00:00Z,2026-10-05T12:00:00Z,114,spectrum,coronado_north,0.861,breaking,1.75,0.703,0.508,0.653,14.5,217.0,5467176
2026-10-01T02:22:57Z,2026-09-30T18:00:00Z,2026-10-05T12:00:00Z,114,spectrum,coronado_center,0.632,breaking,1.48,0.487,0.518,0.653,14.5,228.0,5467176
2026-10-01T02:22:57Z,2026-09-30T18:00:00Z,2026-10-05T12:00:00Z,114,spectrum,coronado_south,0.423,breaking,1.0,0.301,0.515,0.653,14.5,228.0,5467176
2026-10-01T02:22:57Z,2026-09-30T18:00:00Z,2026-10-05T15:00:00Z,117,spectrum,buoy,0.658,buoy,,,,0.658,14.5,205.0,5467176
2026-10-01T02:22:57Z,2026-09-30T18:00:00Z,2026-10-05T15:00:00Z,117,spectrum,coronado_north,0.856,breaking,1.68,0.697,0.512,0.658,14.5,217.0,5467176
2026-10-01T02:22:57Z,2026-09-30T18:00:00Z,2026-10-05T15:00:00Z,117,spectrum,coronado_center,0.623,breaking,1.38,0.484,0.521,0.658,14.5,228.0,5467176
2026-10-01T02:22:57Z,2026-09-30T18:00:00Z,2026-10-05T15:00:00Z,117,spectrum,coronado_south,0.423,breaking,1.0,0.3,0.515,0.658,14.5,227.0,5467176
2026-10-01T02:22:57Z,2026-09-30T18:00:00Z,2026-10-05T18:00:00Z,120,spectrum,buoy,0.678,buoy,,,,0.678,14.5,203.0,5467176
2026-10-01T02:22:57Z,2026-09-30T18:00:00Z,2026-10-05T18:00:00Z,120,spectrum,coronado_north,0.846,breaking,1.63,0.688,0.519,0.678,14.5,217.0,5467176
2026-10-01T02:22:57Z,2026-09-30T18:00:00Z,2026-10-05T18:00:00Z,120,spectrum,coronado_center,0.635,breaking,1.32,0.485,0.526,0.678,14.5,227.0,5467176
2026-10-01T02:22:57Z,2026-09-30T18:00:00Z,2026-10-05T18:00:00Z,120,spectrum,coronado_south,0.435,breaking,1.09,0.308,0.518,0.678,14.5,225.0,5467176
2026-10-01T02:22:57Z,2026-09-30T18:00:00Z,2026-10-05T21:00:00Z,123,spectrum,buoy,0.726,buoy,,,,0.726,13.6,197.0,5467176
2026-10-01T02:22:57Z,2026-09-30T18:00:00Z,2026-10-05T21:00:00Z,123,spectrum,coronado_north,0.831,breaking,1.74,0.675,0.528,0.726,13.6,217.0,5467176
2026-10-01T02:22:57Z,2026-09-30T18:00:00Z,2026-10-05T21:00:00Z,123,spectrum,coronado_center,0.636,breaking,1.37,0.488,0.533,0.726,14.5,225.0,5467176
2026-10-01T02:22:57Z,2026-09-30T18:00:00Z,2026-10-05T21:00:00Z,123,spectrum,coronado_south,0.453,breaking,1.18,0.327,0.522,0.726,14.5,223.0,5467176
2026-10-01T02:22:57Z,2026-09-30T18:00:00Z,2026-10-06T00:00:00Z,126,spectrum,buoy,0.769,buoy,,,,0.769,13.6,194.0,5467176
2026-10-01T02:22:57Z,2026-09-30T18:00:00Z,2026-10-06T00:00:00Z,126,spectrum,coronado_north,0.819,breaking,1.74,0.664,0.544,0.769,13.6,217.0,5467176
2026-10-01T02:22:57Z,2026-09-30T18:00:00Z,2026-10-06T00:00:00Z,126,spectrum,coronado_center,0.628,breaking,1.38,0.486,0.547,0.769,14.5,223.0,5467176
2026-10-01T02:22:57Z,2026-09-30T18:00:00Z,2026-10-06T00:00:00Z,126,spectrum,coronado_south,0.459,breaking,0.9,0.328,0.535,0.769,14.5,217.0,5467176
2026-10-01T02:22:57Z,2026-09-30T18:00:00Z,2026-10-06T03:00:00Z,129,spectrum,buoy,0.8,buoy,,,,0.8,12.7,186.0,5467176
2026-10-01T02:22:57Z,2026-09-30T18:00:00Z,2026-10-06T03:00:00Z,129,spectrum,coronado_north,0.816,breaking,1.67,0.659,0.569,0.8,13.6,217.0,5467176
2026-10-01T02:22:57Z,2026-09-30T18:00:00Z,2026-10-06T03:00:00Z,129,spectrum,coronado_center,0.637,breaking,1.42,0.497,0.572,0.8,14.5,220.0,5467176
2026-10-01T02:22:57Z,2026-09-30T18:00:00Z,2026-10-06T03:00:00Z,129,spectrum,coronado_south,0.465,breaking,1.16,0.343,0.559,0.8,11.9,213.0,5467176
2026-10-01T02:22:57Z,2026-09-30T18:00:00Z,2026-10-06T06:00:00Z,132,spectrum,buoy,0.834,buoy,,,,0.834,12.7,184.0,5467176
2026-10-01T02:22:57Z,2026-09-30T18:00:00Z,2026-10-06T06:00:00Z,132,spectrum,coronado_north,0.808,breaking,1.78,0.658,0.597,0.834,13.6,216.0,5467176
2026-10-01T02:22:57Z,2026-09-30T18:00:00Z,2026-10-06T06:00:00Z,132,spectrum,coronado_center,0.647,breaking,1.45,0.505,0.597,0.834,12.7,218.0,5467176
2026-10-01T02:22:57Z,2026-09-30T18:00:00Z,2026-10-06T06:00:00Z,132,spectrum,coronado_south,0.486,breaking,1.11,0.353,0.579,0.834,11.9,209.0,5467176
2026-10-01T02:22:57Z,2026-09-30T18:00:00Z,2026-10-06T09:00:00Z,135,spectrum,buoy,0.848,buoy,,,,0.848,12.7,183.0,5467176
2026-10-01T02:22:57Z,2026-09-30T18:00:00Z,2026-10-06T09:00:00Z,135,spectrum,coronado_north,0.812,breaking,1.73,0.655,0.623,0.848,13.6,215.0,5467176
2026-10-01T02:22:57Z,2026-09-30T18:00:00Z,2026-10-06T09:00:00Z,135,spectrum,coronado_center,0.661,breaking,1.44,0.51,0.621,0.848,12.7,216.0,5467176
2026-10-01T02:22:57Z,2026-09-30T18:00:00Z,2026-10-06T09:00:00Z,135,spectrum,coronado_south,0.497,breaking,1.05,0.361,0.598,0.848,11.9,206.0,5467176
2026-10-01T02:22:57Z,2026-09-30T18:00:00Z,2026-10-06T12:00:00Z,138,spectrum,buoy,0.864,buoy,,,,0.864,12.7,182.0,5467176
2026-10-01T02:22:57Z,2026-09-30T18:00:00Z,2026-10-06T12:00:00Z,138,spectrum,coronado_north,0.808,breaking,1.66,0.652,0.649,0.864,13.6,215.0,5467176
2026-10-01T02:22:57Z,2026-09-30T18:00:00Z,2026-10-06T12:00:00Z,138,spectrum,coronado_center,0.66,breaking,1.45,0.514,0.646,0.864,13.6,214.0,5467176
2026-10-01T02:22:57Z,2026-09-30T18:00:00Z,2026-10-06T12:00:00Z,138,spectrum,coronado_south,0.499,breaking,1.25,0.371,0.62,0.864,11.9,204.0,5467176
2026-10-01T02:22:57Z,2026-09-30T18:00:00Z,2026-10-06T15:00:00Z,141,spectrum,buoy,0.875,buoy,,,,0.875,12.7,182.0,5467176
2026-10-01T02:22:57Z,2026-09-30T18:00:00Z,2026-10-06T15:00:00Z,141,spectrum,coronado_north,0.806,breaking,1.68,0.649,0.674,0.875,13.6,215.0,5467176
2026-10-01T02:22:57Z,2026-09-30T18:00:00Z,2026-10-06T15:00:00Z,141,spectrum,coronado_center,0.646,breaking,1.51,0.514,0.671,0.875,11.9,213.0,5467176
2026-10-01T02:22:57Z,2026-09-30T18:00:00Z,2026-10-06T15:00:00Z,141,spectrum,coronado_south,0.506,breaking,1.28,0.383,0.644,0.875,11.9,202.0,5467176
2026-10-01T02:22:57Z,2026-09-30T18:00:00Z,2026-10-06T18:00:00Z,144,spectrum,buoy,0.892,buoy,,,,0.892,11.9,177.0,5467176
2026-10-01T02:22:57Z,2026-09-30T18:00:00Z,2026-10-06T18:00:00Z,144,spectrum,coronado_north,0.806,breaking,1.63,0.65,0.703,0.892,13.6,213.0,5467176
2026-10-01T02:22:57Z,2026-09-30T18:00:00Z,2026-10-06T18:00:00Z,144,spectrum,coronado_center,0.656,breaking,1.44,0.513,0.7,0.892,11.9,212.0,5467176
2026-10-01T02:22:57Z,2026-09-30T18:00:00Z,2026-10-06T18:00:00Z,144,spectrum,coronado_south,0.531,breaking,1.19,0.402,0.674,0.892,11.9,199.0,5467176
2026-10-01T02:22:57Z,2026-09-30T18:00:00Z,2026-10-06T21:00:00Z,147,spectrum,buoy,0.943,buoy,,,,0.943,11.9,178.0,5467176
2026-10-01T02:22:57Z,2026-09-30T18:00:00Z,2026-10-06T21:00:00Z,147,spectrum,coronado_north,0.811,breaking,1.59,0.661,0.745,0.943,13.6,212.0,5467176
2026-10-01T02:22:57Z,2026-09-30T18:00:00Z,2026-10-06T21:00:00Z,147,spectrum,coronado_center,0.67,breaking,1.37,0.52,0.744,0.943,13.6,211.0,5467176
2026-10-01T02:22:57Z,2026-09-30T18:00:00Z,2026-10-06T21:00:00Z,147,spectrum,coronado_south,0.564,breaking,1.4,0.43,0.72,0.943,11.9,197.0,5467176
2026-10-01T02:22:57Z,2026-09-30T18:00:00Z,2026-10-07T00:00:00Z,150,spectrum,buoy,1.023,buoy,,,,1.023,12.7,182.0,5467176
2026-10-01T02:22:57Z,2026-09-30T18:00:00Z,2026-10-07T00:00:00Z,150,spectrum,coronado_north,0.843,breaking,1.76,0.689,0.813,1.023,12.7,211.0,5467176
2026-10-01T02:22:57Z,2026-09-30T18:00:00Z,2026-10-07T00:00:00Z,150,spectrum,coronado_center,0.674,breaking,1.7,0.538,0.816,1.023,13.6,208.0,5467176
2026-10-01T02:22:57Z,2026-09-30T18:00:00Z,2026-10-07T00:00:00Z,150,spectrum,coronado_south,0.6,breaking,1.63,0.472,0.8,1.023,11.9,193.0,5467176
2026-10-01T02:22:57Z,2026-09-30T18:00:00Z,2026-10-07T03:00:00Z,153,spectrum,buoy,1.103,buoy,,,,1.103,12.7,181.0,5467176
2026-10-01T02:22:57Z,2026-09-30T18:00:00Z,2026-10-07T03:00:00Z,153,spectrum,coronado_north,0.878,breaking,1.86,0.726,0.893,1.103,12.7,209.0,5467176
2026-10-01T02:22:57Z,2026-09-30T18:00:00Z,2026-10-07T03:00:00Z,153,spectrum,coronado_center,0.704,breaking,1.62,0.566,0.901,1.103,13.6,206.0,5467176
2026-10-01T02:22:57Z,2026-09-30T18:00:00Z,2026-10-07T03:00:00Z,153,spectrum,coronado_south,0.649,breaking,1.83,0.523,0.888,1.103,11.9,190.0,5467176
2026-10-01T02:22:57Z,2026-09-30T18:00:00Z,2026-10-07T06:00:00Z,156,spectrum,buoy,1.171,buoy,,,,1.171,11.9,179.0,5467176
2026-10-01T02:22:57Z,2026-09-30T18:00:00Z,2026-10-07T06:00:00Z,156,spectrum,coronado_north,0.905,breaking,2.04,0.761,0.959,1.171,12.7,205.0,5467176
2026-10-01T02:22:57Z,2026-09-30T18:00:00Z,2026-10-07T06:00:00Z,156,spectrum,coronado_center,0.725,breaking,1.54,0.588,0.97,1.171,11.1,203.0,5467176
2026-10-01T02:22:57Z,2026-09-30T18:00:00Z,2026-10-07T06:00:00Z,156,spectrum,coronado_south,0.702,breaking,1.55,0.558,0.959,1.171,11.9,188.0,5467176
2026-10-01T02:22:57Z,2026-09-30T18:00:00Z,2026-10-07T09:00:00Z,159,spectrum,buoy,1.198,buoy,,,,1.198,11.9,180.0,5467176
2026-10-01T02:22:57Z,2026-09-30T18:00:00Z,2026-10-07T09:00:00Z,159,spectrum,coronado_north,0.939,breaking,1.91,0.787,0.995,1.198,12.7,203.0,5467176
2026-10-01T02:22:57Z,2026-09-30T18:00:00Z,2026-10-07T09:00:00Z,159,spectrum,coronado_center,0.749,breaking,1.47,0.599,1.01,1.198,11.1,202.0,5467176
2026-10-01T02:22:57Z,2026-09-30T18:00:00Z,2026-10-07T09:00:00Z,159,spectrum,coronado_south,0.723,breaking,1.49,0.584,1.001,1.198,11.9,189.0,5467176
2026-10-01T02:22:57Z,2026-09-30T18:00:00Z,2026-10-07T12:00:00Z,162,spectrum,buoy,1.207,buoy,,,,1.207,11.9,181.0,5467176
2026-10-01T02:22:57Z,2026-09-30T18:00:00Z,2026-10-07T12:00:00Z,162,spectrum,coronado_north,0.94,breaking,2.17,0.8,1.007,1.207,12.7,202.0,5467176
2026-10-01T02:22:57Z,2026-09-30T18:00:00Z,2026-10-07T12:00:00Z,162,spectrum,coronado_center,0.741,breaking,1.6,0.601,1.025,1.207,11.1,200.0,5467176
2026-10-01T02:22:57Z,2026-09-30T18:00:00Z,2026-10-07T12:00:00Z,162,spectrum,coronado_south,0.739,breaking,1.7,0.598,1.019,1.207,11.9,189.0,5467176
2026-10-01T02:22:57Z,2026-09-30T18:00:00Z,2026-10-07T15:00:00Z,165,spectrum,buoy,1.207,buoy,,,,1.207,11.9,182.0,5467176
2026-10-01T02:22:57Z,2026-09-30T18:00:00Z,2026-10-07T15:00:00Z,165,spectrum,coronado_north,0.957,breaking,1.98,0.808,1.004,1.207,12.7,203.0,5467176
2026-10-01T02:22:57Z,2026-09-30T18:00:00Z,2026-10-07T15:00:00Z,165,spectrum,coronado_center,0.726,breaking,1.73,0.599,1.026,1.207,11.1,200.0,5467176
2026-10-01T02:22:57Z,2026-09-30T18:00:00Z,2026-10-07T15:00:00Z,165,spectrum,coronado_south,0.732,breaking,1.86,0.601,1.022,1.207,11.9,188.0,5467176
2026-10-01T02:22:57Z,2026-09-30T18:00:00Z,2026-10-07T18:00:00Z,168,spectrum,buoy,1.184,buoy,,,,1.184,11.9,183.0,5467176
2026-10-01T02:22:57Z,2026-09-30T18:00:00Z,2026-10-07T18:00:00Z,168,spectrum,coronado_north,0.957,breaking,1.94,0.817,0.986,1.184,12.7,203.0,5467176
2026-10-01T02:22:57Z,2026-09-30T18:00:00Z,2026-10-07T18:00:00Z,168,spectrum,coronado_center,0.743,breaking,1.63,0.603,1.011,1.184,11.1,201.0,5467176
2026-10-01T02:22:57Z,2026-09-30T18:00:00Z,2026-10-07T18:00:00Z,168,spectrum,coronado_south,0.741,breaking,1.77,0.602,1.008,1.184,11.9,190.0,5467176
