observed_utc,first_seen_utc,wind_from_deg,wind_kt,gust_kt,variable,raw
2026-09-18T10:52:00Z,2026-09-18T16:44:24Z,0,0,,,METAR KNZY 181052Z 00000KT 10SM BKN025 BKN036 21/15 A3005 RMK AO2 SLP174 T02110150
2026-09-18T11:52:00Z,2026-09-18T16:44:24Z,290,3,,,METAR KNZY 181152Z 29003KT 10SM BKN028 BKN036 21/15 A3005 RMK AO2 SLP175 T02110150 10211 20206 55002
2026-09-18T12:52:00Z,2026-09-18T16:44:24Z,350,4,,,METAR KNZY 181252Z 35004KT 10SM BKN028 BKN034 21/16 A3005 RMK AO2 SLP175 T02110156
2026-09-18T13:52:00Z,2026-09-18T16:44:24Z,0,0,,,METAR KNZY 181352Z 00000KT 10SM FEW028 BKN034 22/13 A3005 RMK AO2 SLP176 T02170133
2026-09-18T14:52:00Z,2026-09-18T16:44:24Z,30,3,,,METAR KNZY 181452Z 03003KT 10SM FEW025 BKN030 22/14 A3005 RMK AO2 SLP175 T02170139 51001
2026-09-18T15:52:00Z,2026-09-18T16:44:24Z,0,0,,,METAR KNZY 181552Z 00000KT 10SM BKN031 22/14 A3005 RMK AO2 SLP175 T02220139
2026-09-18T16:52:00Z,2026-09-18T19:14:24Z,270,4,,,METAR KNZY 181652Z 27004KT 10SM BKN034 23/14 A3005 RMK AO2 SLP176 T02330139
2026-09-18T17:52:00Z,2026-09-18T19:14:24Z,290,8,,,METAR KNZY 181752Z 29008KT 10SM SCT034 24/14 A3005 RMK AO2 SLP174 T02440144 10244 20211 58001
2026-09-18T18:52:00Z,2026-09-18T19:14:24Z,290,10,,,METAR KNZY 181852Z 29010KT 10SM FEW034 24/14 A3004 RMK AO2 SLP171 T02440144
2026-09-18T19:52:00Z,2026-09-18T21:53:33Z,300,13,18,,METAR KNZY 181952Z 30013G18KT 10SM FEW034 24/15 A3002 RMK AO2 SLP164 T02440150
2026-09-18T20:52:00Z,2026-09-18T21:53:33Z,290,10,19,,METAR KNZY 182052Z 29010G19KT 10SM FEW034 24/16 A3001 RMK AO2 SLP162 T02440156 56012
2026-09-18T21:52:00Z,2026-09-19T00:39:23Z,270,9,18,,METAR KNZY 182152Z 27009G18KT 10SM FEW030 24/15 A3000 RMK AO2 SLP157 T02440150
2026-09-18T22:52:00Z,2026-09-19T00:39:23Z,280,9,,,METAR KNZY 182252Z 28009KT 10SM FEW030 24/15 A2999 RMK AO2 SLP153 T02390150
2026-09-18T23:52:00Z,2026-09-19T00:39:23Z,300,9,,,METAR KNZY 182352Z 30009KT 10SM FEW027 24/16 A2997 RMK AO2 SLP149 T02390156 10250 20233 56013
2026-09-19T00:52:00Z,2026-09-19T03:34:31Z,290,8,,,METAR KNZY 190052Z 29008KT 10SM FEW025 23/15 A2997 RMK AO2 SLP150 T02280150
2026-09-19T01:52:00Z,2026-09-19T03:34:31Z,310,11,,,METAR KNZY 190152Z 31011KT 10SM FEW025 22/17 A2997 RMK AO2 SLP149 T02170167
2026-09-19T02:52:00Z,2026-09-19T03:34:31Z,300,9,,,METAR KNZY 190252Z 30009KT 10SM SCT020 21/16 A2999 RMK AO2 SLP154 T02110161 53005
2026-09-19T03:22:00Z,2026-09-19T03:34:31Z,310,8,,,SPECI KNZY 190322Z 31008KT 10SM BKN022 21/16 A3000 RMK AO2 T02110161
2026-09-19T03:52:00Z,2026-09-19T04:14:43Z,310,8,,,METAR KNZY 190352Z 31008KT 10SM BKN022 22/16 A2999 RMK AO2 SLP156 T02170161
2026-09-19T04:52:00Z,2026-09-19T05:06:58Z,330,6,,,METAR KNZY 190452Z 33006KT 10SM BKN024 21/16 A2999 RMK AO2 SLP154 T02110161
2026-09-19T07:52:00Z,2026-09-19T07:57:27Z,280,4,,,METAR KNZY 190752Z AUTO 28004KT 10SM OVC027 22/15 A2997 RMK AO2 SLP149 T02170150 402500211
2026-09-19T08:52:00Z,2026-09-19T09:43:36Z,0,0,,,METAR KNZY 190852Z AUTO 00000KT 10SM OVC028 22/15 A2997 RMK AO2 SLP147 T02170150 56006
2026-09-19T09:52:00Z,2026-09-19T13:29:36Z,240,3,,,METAR KNZY 190952Z AUTO 24003KT 10SM OVC027 22/15 A2995 RMK AO2 SLP142 T02170150
2026-09-19T10:52:00Z,2026-09-19T13:29:36Z,230,3,,,METAR KNZY 191052Z AUTO 23003KT 10SM OVC026 21/15 A2995 RMK AO2 SLP141 T02110150
2026-09-19T13:52:00Z,2026-09-19T16:48:56Z,90,4,,,METAR KNZY 191352Z 09004KT 10SM SCT028 19/15 A2995 RMK AO2 SLP143 T01940150
2026-09-19T14:52:00Z,2026-09-19T16:48:56Z,90,6,,,METAR KNZY 191452Z 09006KT 10SM BKN028 BKN220 21/15 A2997 RMK AO2 SLP148 T02060150 53007
2026-09-19T15:35:00Z,2026-09-19T16:48:56Z,100,4,,,SPECI KNZY 191535Z 10004KT 10SM SCT028 BKN220 21/15 A2997 RMK AO2 T02110150
2026-09-19T15:52:00Z,2026-09-19T16:48:56Z,,3,,1,METAR KNZY 191552Z VRB03KT 10SM SCT028 BKN220 22/15 A2997 RMK AO2 SLP150 T02170150
2026-09-19T16:25:00Z,2026-09-19T16:48:56Z,0,0,,,SPECI KNZY 191625Z 00000KT 10SM BKN028 BKN220 22/15 A2998 RMK AO2 T02220150
2026-09-19T16:52:00Z,2026-09-19T19:36:28Z,160,5,,,METAR KNZY 191652Z 16005KT 10SM SCT028 SCT220 23/16 A2998 RMK AO2 SLP150 T02280156
2026-09-19T17:52:00Z,2026-09-19T19:36:28Z,290,5,,,METAR KNZY 191752Z 29005KT 10SM SCT028 SCT220 24/16 A2998 RMK AO2 SLP150 T02390156 10239 20194 51002
2026-09-19T18:52:00Z,2026-09-19T19:36:28Z,270,8,,,METAR KNZY 191852Z 27008KT 10SM FEW028 24/16 A2996 RMK AO2 SLP144 T02390161
2026-09-19T19:52:00Z,2026-09-19T21:46:50Z,290,10,,,METAR KNZY 191952Z 29010KT 10SM FEW028 25/16 A2995 RMK AO2 SLP140 T02500156
2026-09-19T20:52:00Z,2026-09-19T21:46:50Z,270,10,,,METAR KNZY 192052Z 27010KT 10SM FEW028 24/16 A2993 RMK AO2 SLP133 T02390161 58017
2026-09-19T21:52:00Z,2026-09-19T22:18:28Z,290,11,,,METAR KNZY 192152Z 29011KT 10SM CLR 24/16 A2991 RMK AO2 SLP128 T02440156
2026-09-19T23:52:00Z,2026-09-20T05:26:20Z,280,8,,,METAR KNZY 192352Z 28008KT 10SM FEW025 FEW250 23/16 A2990 RMK AO2 SLP124 T02280161 10250 20228 56009
2026-09-20T00:52:00Z,2026-09-20T05:26:20Z,290,8,,,METAR KNZY 200052Z 29008KT 10SM FEW025 FEW280 22/16 A2990 RMK AO2 SLP125 T02220161
2026-09-20T01:52:00Z,2026-09-20T05:26:20Z,290,6,,,METAR KNZY 200152Z 29006KT 10SM SCT020 BKN280 21/16 A2990 RMK AO2 SLP126 T02110161
2026-09-20T02:42:00Z,2026-09-20T05:26:20Z,290,5,,,SPECI KNZY 200242Z 29005KT 10SM SCT017 BKN025 21/17 A2992 RMK AO2 T02110167
2026-09-20T02:52:00Z,2026-09-20T05:26:20Z,280,4,,,METAR KNZY 200252Z COR 28004KT 10SM BKN017 BKN025 21/17 A2992 RMK AO2 SLP130 T02110167 53006
2026-09-20T03:52:00Z,2026-09-20T05:26:20Z,320,5,,,METAR KNZY 200352Z 32005KT 10SM BKN018 BKN280 21/17 A2993 RMK AO2 SLP134 T02060167
2026-09-20T04:52:00Z,2026-09-20T05:26:20Z,290,4,,,METAR KNZY 200452Z 29004KT 10SM BKN018 21/17 A2993 RMK AO2 SLP135 T02110167
2026-09-20T06:52:00Z,2026-09-20T10:06:53Z,0,0,,,METAR KNZY 200652Z AUTO 00000KT 10SM OVC019 21/17 A2992 RMK AO2 SLP131 T02110167
2026-09-20T07:52:00Z,2026-09-20T10:06:53Z,250,3,,,METAR KNZY 200752Z AUTO 25003KT 10SM OVC019 21/17 A2992 RMK AO2 SLP131 T02110167 402500194
2026-09-20T08:52:00Z,2026-09-20T10:06:53Z,250,3,,,METAR KNZY 200852Z AUTO 25003KT 10SM OVC020 21/17 A2992 RMK AO2 SLP131 T02110167 56002
2026-09-20T09:52:00Z,2026-09-20T10:06:53Z,310,3,,,METAR KNZY 200952Z AUTO 31003KT 10SM OVC020 21/16 A2991 RMK AO2 SLP129 T02110161
2026-09-20T10:52:00Z,2026-09-20T13:41:48Z,300,4,,,METAR KNZY 201052Z AUTO 30004KT 10SM OVC021 22/16 A2991 RMK AO2 SLP128 T02170161
2026-09-20T11:52:00Z,2026-09-20T13:41:48Z,350,4,,,METAR KNZY 201152Z AUTO 35004KT 10SM OVC022 21/16 A2991 RMK AO2 SLP126 T02110161 10217 20211 56005
2026-09-20T13:52:00Z,2026-09-20T14:21:33Z,10,3,,,METAR KNZY 201352Z 01003KT 10SM OVC020 21/16 A2994 RMK AO2 SLP136 T02110161
2026-09-20T14:52:00Z,2026-09-20T17:40:43Z,0,0,,,METAR KNZY 201452Z 00000KT 10SM OVC022 21/16 A2995 RMK AO2 SLP142 T02110161 53016
2026-09-20T15:52:00Z,2026-09-20T17:40:43Z,90,4,,,METAR KNZY 201552Z 09004KT 10SM OVC025 22/16 A2996 RMK AO2 SLP144 T02170161
2026-09-20T16:52:00Z,2026-09-20T17:40:43Z,140,3,,,METAR KNZY 201652Z 14003KT 10SM BKN028 22/16 A2996 RMK AO2 SLP146 T02220161
2026-09-20T17:52:00Z,2026-09-20T19:46:12Z,200,6,,,METAR KNZY 201752Z 20006KT 10SM SCT029 BKN200 23/17 A2996 RMK AO2 SLP144 T02330167 10233 20211 50002
2026-09-20T18:52:00Z,2026-09-20T19:46:12Z,210,8,,,METAR KNZY 201852Z 21008KT 10SM FEW030 FEW200 SCT280 24/16 A2995 RMK AO2 SLP141 T02390156
2026-09-20T19:52:00Z,2026-09-20T22:42:21Z,260,7,,,METAR KNZY 201952Z COR 26007KT 230V300 10SM FEW030 FEW200 SCT280 24/16 A2994 RMK AO2 SLP136 T02440156
2026-09-20T20:52:00Z,2026-09-20T22:42:21Z,210,8,,,METAR KNZY 202052Z 21008KT 10SM FEW030 FEW200 BKN280 24/16 A2991 RMK AO2 SLP129 T02390156 58015
2026-09-20T21:52:00Z,2026-09-20T22:42:21Z,260,9,,,METAR KNZY 202152Z 26009KT 10SM FEW030 BKN200 24/16 A2989 RMK AO2 SLP121 T02390156
2026-09-20T22:52:00Z,2026-09-21T00:32:12Z,280,9,,,METAR KNZY 202252Z 28009KT 10SM FEW030 BKN200 24/17 A2988 RMK AO2 SLP118 T02390167
2026-09-20T23:52:00Z,2026-09-21T00:32:12Z,270,11,,,METAR KNZY 202352Z 27011KT 10SM FEW030 BKN200 23/17 A2989 RMK AO2 SLP122 T02280167 10250 20228 55006
2026-09-21T00:52:00Z,2026-09-21T05:31:21Z,270,11,,,METAR KNZY 210052Z 27011KT 10SM SCT022 BKN200 22/16 A29990 RMK AO2 SLP125 T02220161
2026-09-21T01:12:00Z,2026-09-21T05:31:21Z,290,8,,,SPECI KNZY 210112Z 29008KT 10SM BKN023 BKN200 22/16 A2991 RMK AO2 T02170161
2026-09-21T01:52:00Z,2026-09-21T05:31:21Z,310,7,,,METAR KNZY 210152Z 31007KT 10SM BKN025 BKN200 22/16 A2991 RMK AO2 SLP127 T02170161
2026-09-21T02:52:00Z,2026-09-21T05:31:21Z,290,5,,,METAR KNZY 210252Z 29005KT 10SM BKN025 BKN200 22/16 A2992 RMK AO2 SLP131 T02170161 53009
2026-09-21T03:52:00Z,2026-09-21T05:31:21Z,290,5,,,METAR KNZY 210352Z 29005KT 10SM OVC025 21/16 A2993 RMK AO2 SLP135 T02110161
2026-09-21T04:52:00Z,2026-09-21T05:31:21Z,260,5,,,METAR KNZY 210452Z 26005KT 10SM OVC024 22/16 A2994 RMK AO2 SLP138 T02170161
2026-09-21T06:52:00Z,2026-09-21T11:07:32Z,290,5,,,METAR KNZY 210652Z AUTO 29005KT 10SM OVC027 21/16 A2992 RMK AO2 SLP132 T02110161
2026-09-21T07:52:00Z,2026-09-21T11:07:32Z,270,5,,,METAR KNZY 210752Z AUTO 27005KT 10SM OVC026 22/16 A2993 RMK AO2 SLP134 T02170161 402500211
2026-09-21T08:52:00Z,2026-09-21T11:07:32Z,250,4,,,METAR KNZY 210852Z AUTO 25004KT 10SM OVC025 22/16 A2993 RMK AO2 SLP133 T02170161 56001
2026-09-21T09:52:00Z,2026-09-21T11:07:32Z,250,5,,,METAR KNZY 210952Z AUTO 25005KT 10SM OVC025 22/16 A2992 RMK AO2 SLP130 T02170161
2026-09-21T10:52:00Z,2026-09-21T11:07:32Z,260,5,,,METAR KNZY 211052Z AUTO 26005KT 10SM OVC026 21/17 A2991 RMK AO2 SLP129 T02110167
2026-09-21T11:52:00Z,2026-09-21T17:12:12Z,250,5,,,METAR KNZY 211152Z AUTO 25005KT 10SM BKN024 OVC033 21/16 A2992 RMK AO2 SLP132 T02110161 10217 20211 55001
2026-09-21T12:09:00Z,2026-09-21T17:12:12Z,260,6,,,SPECI KNZY 211209Z AUTO 26006KT 10SM SCT024 OVC035 21/16 A2993 RMK AO2 T02110161
2026-09-21T12:32:00Z,2026-09-21T17:12:12Z,250,5,,,SPECI KNZY 211232Z AUTO 25005KT 10SM BKN024 OVC035 21/16 A2993 RMK AO2 T02110161
2026-09-21T12:52:00Z,2026-09-21T17:12:12Z,270,5,,,METAR KNZY 211252Z 27005KT 10SM BKN024 OVC036 21/16 A2993 RMK AO2 SLP135 T02110156
2026-09-21T13:09:00Z,2026-09-21T17:12:12Z,280,6,,,SPECI KNZY 211309Z 28006KT 10SM SCT024 BKN037 21/16 A2994 RMK AO2 T02110156
2026-09-21T13:59:00Z,2026-09-21T17:12:12Z,270,3,,,SPECI KNZY 211359Z 27003KT 10SM BKN024 OVC037 21/16 A2994 RMK AO2 T02110156
2026-09-21T14:52:00Z,2026-09-21T17:12:12Z,250,5,,,METAR KNZY 211452Z 25005KT 10SM BKN024 BKN037 21/15 A2995 RMK AO2 SLP142 T02110150 53010
2026-09-21T15:28:00Z,2026-09-21T17:12:12Z,250,6,,,SPECI KNZY 211528Z 25006KT 10SM SCT025 OVC040 22/15 A2996 RMK AO2 T02170150
2026-09-21T15:52:00Z,2026-09-21T17:12:12Z,250,7,,,METAR KNZY 211552Z 25007KT 10SM BKN028 BKN040 22/15 A2996 RMK AO2 SLP143 T02170150
2026-09-21T16:52:00Z,2026-09-21T17:12:12Z,280,5,,,METAR KNZY 211652Z 28005KT 10SM BKN028 BKN040 22/15 A2996 RMK AO2 SLP145 T02220150
2026-09-21T16:59:00Z,2026-09-21T17:12:12Z,250,7,,,SPECI KNZY 211659Z 25007KT 10SM SCT030 OVC040 23/15 A2996 RMK AO2 T02280150
2026-09-21T17:52:00Z,2026-09-21T21:14:43Z,240,8,,,METAR KNZY 211752Z 24008KT 10SM BKN036 23/15 A2996 RMK AO2 SLP146 T02330150 10239 20206 51004
2026-09-21T17:59:00Z,2026-09-21T21:14:43Z,,6,,1,SPECI KNZY 211759Z VRB06KT 10SM BKN029 BKN040 23/15 A2996 RMK AO2 T02330150
2026-09-21T18:26:00Z,2026-09-21T21:14:43Z,260,7,,,SPECI KNZY 211826Z 26007KT 10SM BKN032 24/15 A2996 RMK AO2 T02390150
2026-09-21T19:34:00Z,2026-09-21T21:14:43Z,250,10,,,SPECI KNZY 211934Z 25010KT 10SM SCT028 23/15 A2994 RMK AO2 T02330150
2026-09-21T19:52:00Z,2026-09-21T21:14:43Z,230,8,,,METAR KNZY 211952Z 23008KT 10SM SCT028 SCT040 24/15 A2994 RMK AO2 SLP137 T02390150
2026-09-21T20:52:00Z,2026-09-21T21:14:43Z,250,8,,,METAR KNZY 212052Z 25008KT 10SM SCT026 24/16 A2992 RMK AO2 SLP132 T02390156 58014
2026-09-21T21:52:00Z,2026-09-22T00:18:06Z,270,10,16,,METAR KNZY 212152Z 27010G16KT 10SM SCT029 24/15 A2991 RMK AO2 SLP127 T02390150
2026-09-21T22:52:00Z,2026-09-22T00:18:06Z,240,9,,,METAR KNZY 212252Z 24009KT 10SM SCT029 24/15 A2990 RMK AO2 SLP126 T02390150
2026-09-21T23:52:00Z,2026-09-22T00:18:06Z,250,8,,,METAR KNZY 212352Z 25008KT 10SM SCT029 23/15 A2990 RMK AO2 SLP124 T02330150 10250 20228 56008
2026-09-22T00:52:00Z,2026-09-22T05:24:43Z,290,9,,,METAR KNZY 220052Z 29009KT 10SM SCT024 BKN032 22/16 A2990 RMK AO2 SLP125 T02220156
2026-09-22T01:52:00Z,2026-09-22T05:24:43Z,270,9,,,METAR KNZY 220152Z 27009KT 10SM SCT024 BKN033 22/16 A2990 RMK AO2 SLP126 SHRA DSNT ESE T02170161
2026-09-22T02:52:00Z,2026-09-22T05:24:43Z,290,9,,,METAR KNZY 220252Z 29009KT 10SM SCT024 BKN034 22/16 A2991 RMK AO2 SLP127 T02170161 53003
2026-09-22T03:52:00Z,2026-09-22T05:24:43Z,300,7,,,METAR KNZY 220352Z 30007KT 10SM FEW029 OVC036 22/16 A2992 RMK AO2 SLP133 T02170161
2026-09-22T04:52:00Z,2026-09-22T05:24:43Z,310,7,,,METAR KNZY 220452Z 31007KT 10SM FEW024 BKN035 22/16 A2993 RMK AO2 SLP136 T02170161
2026-09-22T05:52:00Z,2026-09-22T07:31:59Z,300,7,,,METAR KNZY 220552Z 30007KT 10SM FEW029 BKN038 21/16 A2993 RMK AO2 SLP134 T02110161 10233 20211 50007
2026-09-22T06:52:00Z,2026-09-22T07:31:59Z,330,6,,,METAR KNZY 220652Z 33006KT 7SM FEW029 BKN038 21/16 A2992 RMK AO2 SLP132 T02110156
2026-09-22T07:52:00Z,2026-09-22T09:12:11Z,330,5,,,METAR KNZY 220752Z 33005KT 10SM FEW030 BKN038 22/15 A2992 RMK AO2 SLP130 T02170150 402500206
2026-09-22T08:52:00Z,2026-09-22T09:12:11Z,310,4,,,METAR KNZY 220852Z 31004KT 10SM FEW030 BKN039 21/13 A2991 RMK AO2 SLP129 T02110128 56005
2026-09-22T09:52:00Z,2026-09-22T14:04:38Z,320,4,,,METAR KNZY 220952Z 32004KT 10SM FEW030 BKN039 21/14 A2991 RMK AO2 SLP128 T02110144
2026-09-22T10:52:00Z,2026-09-22T14:04:38Z,0,0,,,METAR KNZY 221052Z 00000KT 10SM FEW030 BKN039 21/15 A2990 RMK AO2 SLP125 T02110150
2026-09-22T11:52:00Z,2026-09-22T14:04:38Z,0,0,,,METAR KNZY 221152Z 00000KT 10SM BKN022 BKN039 21/16 A2990 RMK AO2 SLP124 T02110161 10217 20211 56005
2026-09-22T12:52:00Z,2026-09-22T14:04:38Z,330,5,,,METAR KNZY 221252Z 33005KT 10SM BKN022 BKN039 21/16 A2990 RMK AO2 SLP126 T02110161
2026-09-22T13:52:00Z,2026-09-22T14:04:38Z,320,4,,,METAR KNZY 221352Z 32004KT 10SM OVC022 21/16 A2991 RMK AO2 RAB07E36 SLP129 P0000 T02110161
2026-09-22T14:52:00Z,2026-09-22T17:28:22Z,330,4,,,METAR KNZY 221452Z 33004KT 10SM BKN022 BKN028 22/16 A2992 RMK AO2 SLP133 60000 T02170161 53008
2026-09-22T15:52:00Z,2026-09-22T17:28:22Z,300,7,,,METAR KNZY 221552Z 30007KT 10SM BKN024 BKN032 22/16 A2992 RMK AO2 SLP130 T02220161
2026-09-22T16:52:00Z,2026-09-22T17:28:22Z,290,8,,,METAR KNZY 221652Z 29008KT 10SM BKN022 BKN040 23/16 A2992 RMK AO2 SLP130 T02330161
2026-09-22T17:52:00Z,2026-09-22T21:01:58Z,290,8,,,METAR KNZY 221752Z 29008KT 10SM FEW022 SCT040 24/16 A2991 RMK AO2 SLP128 60000 T02440156 10244 20211 57005
2026-09-22T18:52:00Z,2026-09-22T21:01:58Z,290,9,,,METAR KNZY 221852Z 29009KT 10SM FEW030 25/15 A2990 RMK AO2 SLP125 T02500150
2026-09-22T19:52:00Z,2026-09-22T21:01:58Z,290,12,,,METAR KNZY 221952Z 29012KT 10SM FEW030 25/14 A2987 RMK AO2 SLP116 T02500144
2026-09-22T20:52:00Z,2026-09-22T21:01:58Z,290,12,,,METAR KNZY 222052Z 29012KT 10SM FEW030 25/15 A2986 RMK AO2 SLP111 T02500150 58017
2026-09-22T21:52:00Z,2026-09-23T00:08:10Z,290,12,,,METAR KNZY 222152Z 29012KT 10SM SCT019 24/18 A2985 RMK AO2 SLP107 T02390178
2026-09-22T22:52:00Z,2026-09-23T00:08:10Z,310,13,,,METAR KNZY 222252Z 31013KT 10SM BKN020 24/17 A2984 RMK AO2 SLP104 T02440172
2026-09-22T23:52:00Z,2026-09-23T00:08:10Z,300,13,,,METAR KNZY 222352Z 30013KT 10SM BKN020 24/17 A2983 RMK AO2 SLP102 T02390172 10256 20233 56009
2026-09-23T00:52:00Z,2026-09-23T05:38:43Z,310,12,,,METAR KNZY 230052Z 31012KT 10SM BKN019 23/17 A2983 RMK AO2 SLP101 T02280172
2026-09-23T01:22:00Z,2026-09-23T05:38:43Z,310,12,,,SPECI KNZY 230122Z 31012KT 10SM SCT019 22/17 A2983 RMK AO2 T02220172
2026-09-23T01:52:00Z,2026-09-23T05:38:43Z,310,11,,,METAR KNZY 230152Z 31011KT 10SM SCT019 22/17 A2983 RMK AO2 SLP102 T02220172 $
2026-09-23T02:41:00Z,2026-09-23T05:38:43Z,320,9,,,SPECI KNZY 230241Z 32009KT 10SM BKN018 22/17 A2984 RMK AO2 T02170172 $
2026-09-23T02:52:00Z,2026-09-23T05:38:43Z,330,10,,,METAR KNZY 230252Z 33010KT 10SM BKN017 22/17 A2984 RMK AO2 SLP103 T02170172 53001 $
2026-09-23T03:26:00Z,2026-09-23T05:38:43Z,320,9,,,SPECI KNZY 230326Z 32009KT 10SM SCT016 22/17 A2984 RMK AO2 T02170172 $
2026-09-23T03:41:00Z,2026-09-23T05:38:43Z,340,8,,,SPECI KNZY 230341Z 34008KT 10SM BKN016 22/17 A2984 RMK AO2 T02170172 $
2026-09-23T03:52:00Z,2026-09-23T05:38:43Z,320,9,,,METAR KNZY 230352Z 32009KT 10SM BKN016 21/17 A2984 RMK AO2 SLP105 T02110172 $
2026-09-23T04:15:00Z,2026-09-23T05:38:43Z,340,9,,,SPECI KNZY 230415Z 34009KT 10SM SCT016 21/17 A2985 RMK AO2 T02110172 $
2026-09-23T04:52:00Z,2026-09-23T05:38:43Z,320,8,,,METAR KNZY 230452Z 32008KT 10SM SCT016 21/17 A2985 RMK AO2 SLP108 T02110172 $
2026-09-23T05:52:00Z,2026-09-23T11:03:55Z,340,6,,,METAR KNZY 230552Z 34006KT 10SM SCT016 21/18 A2985 RMK AO2 SLP107 T02110178 10239 20211 50004 $
2026-09-23T06:52:00Z,2026-09-23T11:03:55Z,340,5,,,METAR KNZY 230652Z 34005KT 10SM BKN015 21/18 A2985 RMK AO2 SLP106 T02110178 $
2026-09-23T07:52:00Z,2026-09-23T11:03:55Z,0,5,,,METAR KNZY 230752Z 36005KT 10SM BKN015 21/18 A2984 RMK AO2 SLP105 T02110178 402560211 $
2026-09-23T08:52:00Z,2026-09-23T11:03:55Z,330,4,,,METAR KNZY 230852Z 33004KT 10SM SCT015 21/18 A2984 RMK AO2 SLP102 T02110178 58004 $
2026-09-23T09:52:00Z,2026-09-23T11:03:55Z,20,4,,,METAR KNZY 230952Z 02004KT 10SM SCT015 21/18 A2983 RMK AO2 SLP101 T02060178 $
2026-09-23T10:52:00Z,2026-09-23T11:03:55Z,50,3,,,METAR KNZY 231052Z 05003KT 10SM BKN014 21/18 A2982 RMK AO2 SLP099 T02110178 $
2026-09-23T11:52:00Z,2026-09-23T16:25:15Z,30,3,,,METAR KNZY 231152Z 03003KT 10SM BKN015 21/18 A2982 RMK AO2 SLP098 T02110178 10211 20206 56004 $
2026-09-23T12:52:00Z,2026-09-23T16:25:15Z,0,0,,,METAR KNZY 231252Z 00000KT 10SM BKN015 21/18 A2983 RMK AO2 SLP101 T02060178 $
2026-09-23T13:52:00Z,2026-09-23T16:25:15Z,0,0,,,METAR KNZY 231352Z 00000KT 9SM BKN016 21/18 A2984 RMK AO2 SLP106 T02060178 $
2026-09-23T14:52:00Z,2026-09-23T16:25:15Z,100,3,,,METAR KNZY 231452Z 10003KT 9SM BKN017 21/17 A2985 RMK AO2 SLP109 T02110172 53011 $
2026-09-23T15:52:00Z,2026-09-23T20:00:50Z,140,4,,,METAR KNZY 231552Z 14004KT 9SM BKN017 22/18 A2986 RMK AO2 SLP111 T02170178 $
2026-09-23T16:52:00Z,2026-09-23T20:00:50Z,180,5,,,METAR KNZY 231652Z 18005KT 10SM BKN018 23/18 A2986 RMK AO2 SLP111 T02280178 $
2026-09-23T17:30:00Z,2026-09-23T20:00:50Z,200,7,,,SPECI KNZY 231730Z 20007KT 10SM SCT018 23/18 A2986 RMK AO2 T02330178 $
2026-09-23T17:52:00Z,2026-09-23T20:00:50Z,,5,,1,METAR KNZY 231752Z VRB05KT 10SM SCT018 24/18 A2987 RMK AO2 SLP113 T02390183 10239 20206 51004
2026-09-23T18:52:00Z,2026-09-23T20:00:50Z,290,10,,,METAR KNZY 231852Z 29010KT 10SM FEW019 24/18 A2986 RMK AO2 SLP109 T02440178
2026-09-23T19:52:00Z,2026-09-23T20:00:50Z,290,10,,,METAR KNZY 231952Z 29010KT 10SM FEW020 25/18 A2984 RMK AO2 SLP104 T02500183
2026-09-23T20:52:00Z,2026-09-23T23:28:12Z,270,8,,,METAR KNZY 232052Z 27008KT 10SM SCT019 24/18 A2984 RMK AO2 SLP103 T02390178 56010
2026-09-23T21:52:00Z,2026-09-23T23:28:12Z,260,9,,,METAR KNZY 232152Z 26009KT 10SM SCT018 24/18 A2983 RMK AO2 SLP102 T02390178
2026-09-23T22:35:00Z,2026-09-23T23:28:12Z,260,8,,,SPECI KNZY 232235Z 26008KT 10SM BKN017 24/18 A2983 RMK AO2 T02390178
2026-09-23T22:52:00Z,2026-09-23T23:28:12Z,270,7,,,METAR KNZY 232252Z 27007KT 10SM BKN017 24/18 A2983 RMK AO2 SLP102 T02390178
2026-09-23T23:52:00Z,2026-09-24T03:51:50Z,280,6,,,METAR KNZY 232352Z 28006KT 10SM BKN017 23/18 A2983 RMK AO2 SLP101 T02280178 10250 20228 58001
2026-09-24T00:52:00Z,2026-09-24T03:51:50Z,250,5,,,METAR KNZY 240052Z 25005KT 10SM BKN016 22/18 A2983 RMK AO2 SLP102 T02220178
2026-09-24T01:52:00Z,2026-09-24T03:51:50Z,260,5,,,METAR KNZY 240152Z 26005KT 10SM SCT014 21/18 A2984 RMK AO2 SLP104 T02110178
2026-09-24T02:52:00Z,2026-09-24T03:51:50Z,260,4,,,METAR KNZY 240252Z 26004KT 10SM SCT014 21/18 A2985 RMK AO2 SLP107 T02110178 53006
2026-09-24T03:52:00Z,2026-09-24T09:07:56Z,270,4,,,METAR KNZY 240352Z 27004KT 10SM SCT014 21/18 A2987 RMK AO2 SLP114 T02060178
2026-09-24T04:52:00Z,2026-09-24T09:07:56Z,270,3,,,METAR KNZY 240452Z 27003KT 10SM FEW014 21/18 A2988 RMK AO2 SLP117 T02060178
2026-09-24T05:52:00Z,2026-09-24T09:07:56Z,,3,,1,METAR KNZY 240552Z VRB03KT 9SM BKN012 21/18 A2989 RMK AO2 SLP120 T02060178 10228 20206 51012
2026-09-24T06:52:00Z,2026-09-24T09:07:56Z,210,3,,,METAR KNZY 240652Z 21003KT 10SM OVC012 21/18 A2988 RMK AO2 SLP118 T02110178
2026-09-24T07:52:00Z,2026-09-24T09:07:56Z,220,3,,,METAR KNZY 240752Z 22003KT 10SM OVC012 21/18 A2988 RMK AO2 SLP118 T02060178 402500206
2026-09-24T08:52:00Z,2026-09-24T14:42:51Z,150,4,,,METAR KNZY 240852Z 15004KT 9SM OVC011 21/18 A2988 RMK AO2 SLP117 T02060178 57003
2026-09-24T09:52:00Z,2026-09-24T14:42:51Z,0,0,,,METAR KNZY 240952Z 00000KT 9SM OVC011 21/18 A2988 RMK AO2 SLP117 T02060178
2026-09-24T10:52:00Z,2026-09-24T14:42:51Z,0,0,,,METAR KNZY 241052Z 00000KT 9SM OVC010 21/18 A2988 RMK AO2 SLP118 T02060178
2026-09-24T11:52:00Z,2026-09-24T14:42:51Z,200,3,,,METAR KNZY 241152Z 20003KT 9SM OVC010 21/18 A2988 RMK AO2 SLP117 T02060178 10211 20206 50001
2026-09-24T12:52:00Z,2026-09-24T14:42:51Z,0,0,,,METAR KNZY 241252Z 00000KT 10SM OVC010 21/18 A2988 RMK AO2 SLP119 T02060178
2026-09-24T13:52:00Z,2026-09-24T14:42:51Z,0,0,,,METAR KNZY 241352Z 00000KT 10SM OVC011 21/18 A2989 RMK AO2 SLP120 T02060178
2026-09-24T14:52:00Z,2026-09-24T18:52:42Z,0,0,,,METAR KNZY 241452Z 00000KT 9SM OVC012 21/18 A2991 RMK AO2 SLP127 T02060178 53010
2026-09-24T15:52:00Z,2026-09-24T18:52:42Z,320,3,,,METAR KNZY 241552Z 32003KT 9SM OVC013 21/18 A2991 RMK AO2 SLP128 T02110178
2026-09-24T16:52:00Z,2026-09-24T18:52:42Z,,4,,1,METAR KNZY 241652Z VRB04KT 9SM BKN015 22/18 A2992 RMK AO2 SLP131 T02220178
2026-09-24T17:52:00Z,2026-09-24T18:52:42Z,230,5,,,METAR KNZY 241752Z 23005KT 9SM BKN015 BKN050 23/18 A2992 RMK AO2 SLP133 T02330178 10233 20206 53005
2026-09-24T18:42:00Z,2026-09-24T18:52:42Z,260,6,,,SPECI KNZY 241842Z 26006KT 10SM SCT016 BKN050 23/18 A2992 RMK AO2 SHRA OVR MTNS E T02280178
2026-09-24T18:52:00Z,2026-09-24T22:06:57Z,,5,,1,METAR KNZY 241852Z VRB05KT 10SM SCT016 SCT050 23/18 A2991 RMK AO2 SLP128 CB DSNT E AND SE T02330178
2026-09-24T19:52:00Z,2026-09-24T22:06:57Z,290,7,,,METAR KNZY 241952Z 29007KT 10SM FEW017 SCT055 SCT150 24/18 A2990 RMK AO2 SLP125 CB DSNT NE AND E T02440183
2026-09-24T20:52:00Z,2026-09-24T22:06:57Z,260,9,,,METAR KNZY 242052Z 26009KT 10SM FEW017 SCT055 SCT140 24/18 A2988 RMK AO2 SLP119 CB DSNT NE AND E T02390178 58014
2026-09-24T21:52:00Z,2026-09-24T22:06:57Z,240,8,,,METAR KNZY 242152Z 24008KT 10SM FEW018 SCT055 SCT150 24/18 A2988 RMK AO2 SLP118 CB DSNT NE T02390178
2026-09-24T22:52:00Z,2026-09-24T23:16:42Z,270,8,,,METAR KNZY 242252Z 27008KT 10SM FEW017 FEW055 SCT180 24/18 A2988 RMK AO2 SLP118 CB DSNT NE T02390178
2026-09-24T23:52:00Z,2026-09-25T00:00:23Z,290,8,,,METAR KNZY 242352Z 29008KT 10SM FEW017 FEW055 SCT200 23/18 A2987 RMK AO2 SLP115 CB DSNT NE AND E T02330178 10244 20228 58004
2026-09-25T00:52:00Z,2026-09-25T01:00:26Z,310,6,,,METAR KNZY 250052Z 31006KT 10SM FEW017 FEW055 SCT200 23/18 A2989 RMK AO2 SLP119 CB DSNT NE-E T02280178
2026-09-25T01:52:00Z,2026-09-25T02:00:22Z,310,10,,,METAR KNZY 250152Z 31010KT 10SM FEW015 FEW200 22/18 A2988 RMK AO2 SLP119 T02220178
2026-09-25T02:52:00Z,2026-09-25T02:55:15Z,310,8,,,METAR KNZY 250252Z 31008KT 10SM FEW014 FEW200 22/18 A2990 RMK AO2 SLP124 T02170183 52009
2026-09-25T03:52:00Z,2026-09-25T03:55:15Z,320,9,,,METAR KNZY 250352Z 32009KT 10SM FEW014 FEW200 22/18 A2991 RMK AO2 SLP129 T02170183
2026-09-25T04:52:00Z,2026-09-25T04:55:15Z,320,8,,,METAR KNZY 250452Z 32008KT 10SM FEW014 FEW200 22/18 A2992 RMK AO2 SLP130 T02170183
2026-09-25T05:52:00Z,2026-09-25T05:55:16Z,340,6,,,METAR KNZY 250552Z 34006KT 10SM FEW014 FEW200 21/18 A2991 RMK AO2 SLP127 T02110183 10233 20211 50003
2026-09-25T06:52:00Z,2026-09-25T06:55:16Z,340,5,,,METAR KNZY 250652Z 34005KT 10SM FEW014 FEW200 21/18 A2990 RMK AO2 SLP125 T02110183
2026-09-25T07:52:00Z,2026-09-25T07:55:15Z,330,5,,,METAR KNZY 250752Z 33005KT 10SM FEW014 FEW200 21/18 A2989 RMK AO2 SLP122 T02110183 402440206
2026-09-25T08:52:00Z,2026-09-25T09:15:18Z,0,0,,,METAR KNZY 250852Z 00000KT 10SM FEW014 FEW200 21/18 A2990 RMK AO2 SLP124 T02060183 55003
2026-09-25T09:52:00Z,2026-09-25T09:55:50Z,310,3,,,METAR KNZY 250952Z 31003KT 9SM FEW014 FEW200 21/19 A2990 RMK AO2 SLP123 T02060189
2026-09-25T10:52:00Z,2026-09-25T11:05:20Z,0,4,,,METAR KNZY 251052Z 36004KT 9SM BKN011 21/19 A2990 RMK AO2 SLP124 T02110189
2026-09-25T11:52:00Z,2026-09-25T12:05:15Z,10,4,,,METAR KNZY 251152Z 01004KT 10SM OVC011 22/19 A2990 RMK AO2 SLP126 T02170189 10217 20206 53002
2026-09-25T12:52:00Z,2026-09-25T12:55:16Z,30,5,,,METAR KNZY 251252Z 03005KT 10SM OVC012 21/18 A2991 RMK AO2 SLP126 T02110183
2026-09-25T13:52:00Z,2026-09-25T14:05:15Z,10,5,,,METAR KNZY 251352Z 01005KT 8SM OVC010 21/18 A2992 RMK AO2 CIG 010V013 SLP130 T02110183
2026-09-25T14:52:00Z,2026-09-25T14:55:36Z,350,5,,,METAR KNZY 251452Z 35005KT 7SM BKN010 21/18 A2992 RMK AO2 SLP132 T02110183 53006
2026-09-25T15:40:00Z,2026-09-25T15:45:17Z,10,6,,,SPECI KNZY 251540Z 01006KT 8SM SCT009 22/18 A2993 RMK AO2 T02170183
2026-09-25T15:52:00Z,2026-09-25T15:55:20Z,30,7,,,METAR KNZY 251552Z 03007KT 8SM SCT009 22/18 A2993 RMK AO2 SLP133 T02220183
2026-09-25T17:52:00Z,2026-09-25T17:55:15Z,310,9,,,METAR KNZY 251752Z AUTO 31009KT 10SM FEW010 FEW200 26/19 A2992 RMK AO2 SLP132 T02560189 10256 20211 55000
2026-09-25T18:52:00Z,2026-09-25T18:55:13Z,300,13,,,METAR KNZY 251852Z 30013KT 10SM FEW020 FEW200 26/19 A2992 RMK AO2 SLP130 T02560189
2026-09-25T19:52:00Z,2026-09-25T19:55:13Z,320,13,,,METAR KNZY 251952Z 32013KT 10SM FEW010 FEW040 SCT200 26/19 A2990 RMK AO2 SLP123 T02560189
2026-09-25T20:52:00Z,2026-09-25T20:55:28Z,310,13,,,METAR KNZY 252052Z 31013KT 10SM FEW010 FEW040 SCT200 25/19 A2988 RMK AO2 SLP119 T02500189 58013
2026-09-25T21:52:00Z,2026-09-25T21:55:16Z,310,13,,,METAR KNZY 252152Z 31013KT 10SM FEW010 SCT040 SCT200 25/19 A2987 RMK AO2 SLP113 T02500189
2026-09-25T22:52:00Z,2026-09-25T22:55:14Z,310,11,,,METAR KNZY 252252Z 31011KT 10SM FEW010 SCT040 SCT200 24/19 A2986 RMK AO2 SLP110 T02440194
2026-09-25T23:52:00Z,2026-09-25T23:55:13Z,300,12,,,METAR KNZY 252352Z 30012KT 10SM FEW010 SCT050 SCT200 24/19 A2986 RMK AO2 SLP110 T02390189 10256 20239 56009
2026-09-26T00:52:00Z,2026-09-26T00:55:16Z,310,10,,,METAR KNZY 260052Z 31010KT 10SM FEW012 SCT050 BKN230 23/19 A2985 RMK AO2 SLP109 MDT CU NE-E T02330189
2026-09-26T01:52:00Z,2026-09-26T01:55:15Z,340,10,,,METAR KNZY 260152Z 34010KT 10SM FEW012 SCT050 BKN230 22/19 A2985 RMK AO2 SLP109 T02220189
2026-09-26T02:52:00Z,2026-09-26T02:55:13Z,310,8,,,METAR KNZY 260252Z 31008KT 10SM FEW011 BKN230 22/19 A2986 RMK AO2 SLP112 T02220189 53002
2026-09-26T03:52:00Z,2026-09-26T03:55:15Z,310,6,,,METAR KNZY 260352Z 31006KT 10SM FEW010 BKN230 22/19 A2988 RMK AO2 SLP118 T02170189
2026-09-26T04:52:00Z,2026-09-26T04:55:15Z,340,5,,,METAR KNZY 260452Z 34005KT 10SM FEW010 SCT230 22/19 A2989 RMK AO2 SLP120 T02170189
2026-09-26T06:52:00Z,2026-09-26T06:55:24Z,310,5,,,METAR KNZY 260652Z AUTO 31005KT 9SM CLR 21/19 A2989 RMK AO2 SLP121 T02110189
2026-09-26T07:52:00Z,2026-09-26T07:55:13Z,330,3,,,METAR KNZY 260752Z AUTO 33003KT 9SM FEW010 21/19 A2989 RMK AO2 SLP120 T02110189 402560206
2026-09-26T08:52:00Z,2026-09-26T08:55:16Z,10,6,,,METAR KNZY 260852Z AUTO 01006KT 9SM BKN009 21/19 A2989 RMK AO2 SLP120 T02110189 58001
2026-09-26T09:01:00Z,2026-09-26T09:05:15Z,10,6,,,SPECI KNZY 260901Z AUTO 01006KT 9SM FEW009 21/19 A2988 RMK AO2 T02110189
2026-09-26T09:52:00Z,2026-09-26T09:55:16Z,0,0,,,METAR KNZY 260952Z AUTO 00000KT 9SM CLR 21/19 A2987 RMK AO2 SLP116 T02110189
2026-09-26T10:52:00Z,2026-09-26T10:55:16Z,0,0,,,METAR KNZY 261052Z AUTO 00000KT 8SM CLR 20/19 A2987 RMK AO2 SLP115 T02000189
2026-09-26T11:40:00Z,2026-09-26T11:45:16Z,0,0,,,SPECI KNZY 261140Z AUTO 00000KT 7SM BKN011 19/18 A2987 RMK AO2 T01940183
2026-09-26T11:52:00Z,2026-09-26T11:55:26Z,0,0,,,METAR KNZY 261152Z AUTO 00000KT 8SM OVC010 20/19 A2986 RMK AO2 SLP112 T02000189 10211 20194 56008
2026-09-26T12:27:00Z,2026-09-26T12:35:14Z,0,0,,,SPECI KNZY 261227Z AUTO 00000KT 7SM OVC008 21/19 A2987 RMK AO2 CIG 007V010 T02060189
2026-09-26T12:52:00Z,2026-09-26T12:55:15Z,0,0,,,METAR KNZY 261252Z AUTO 00000KT 7SM BKN007 21/19 A2987 RMK AO2 SLP113 T02060189
2026-09-26T13:59:00Z,2026-09-26T14:25:13Z,0,4,,,SPECI KNZY 261359Z 36004KT 7SM FEW007 SCT250 20/18 A2987 RMK AO2 T02000178
2026-09-26T14:52:00Z,2026-09-26T14:55:13Z,10,4,,,METAR KNZY 261452Z 01004KT 7SM FEW009 FEW250 21/18 A2988 RMK AO2 SLP118 T02060183 53006
2026-09-26T15:52:00Z,2026-09-26T15:55:15Z,0,0,,,METAR KNZY 261552Z 00000KT 8SM FEW250 23/18 A2988 RMK AO2 SLP116 T02280183
2026-09-26T16:52:00Z,2026-09-26T16:55:14Z,0,0,,,METAR KNZY 261652Z 00000KT 10SM FEW250 24/18 A2987 RMK AO2 SLP115 T02440178
2026-09-26T17:52:00Z,2026-09-26T17:55:17Z,290,7,,,METAR KNZY 261752Z 29007KT 10SM FEW009 FEW250 26/19 A2988 RMK AO2 SLP116 T02560194 10256 20200 55002
2026-09-26T18:52:00Z,2026-09-26T18:55:13Z,280,8,,,METAR KNZY 261852Z 28008KT 10SM FEW009 26/19 A2987 RMK AO2 SLP114 T02610194
2026-09-26T19:52:00Z,2026-09-26T19:55:14Z,300,5,,,METAR KNZY 261952Z 30005KT 10SM FEW010 SCT250 26/19 A2985 RMK AO2 SLP109 T02610194
2026-09-26T20:52:00Z,2026-09-26T21:15:19Z,280,11,,,METAR KNZY 262052Z 28011KT 10SM FEW010 SCT250 26/19 A2983 RMK AO2 SLP102 T02610194 58014
2026-09-26T21:52:00Z,2026-09-26T21:55:13Z,280,9,,,METAR KNZY 262152Z 28009KT 10SM FEW010 BKN200 26/20 A2983 RMK AO2 SLP100 T02560200
2026-09-26T22:52:00Z,2026-09-26T22:55:13Z,290,10,,,METAR KNZY 262252Z 29010KT 10SM FEW010 BKN200 24/20 A2983 RMK AO2 SLP099 T02440200
2026-09-26T23:52:00Z,2026-09-27T00:35:17Z,260,6,,,METAR KNZY 262352Z 26006KT 10SM FEW010 BKN200 24/20 A2984 RMK AO2 SLP104 T02390200 10272 20239 53002
2026-09-27T00:52:00Z,2026-09-27T00:55:15Z,290,3,,,METAR KNZY 270052Z 29003KT 10SM FEW010 BKN200 23/20 A2984 RMK AO2 SLP106 T02330200
2026-09-27T01:52:00Z,2026-09-27T01:55:13Z,10,4,,,METAR KNZY 270152Z 01004KT 10SM FEW010 BKN200 24/19 A2982 RMK AO2 SLP099 T02390189
2026-09-27T02:52:00Z,2026-09-27T02:55:15Z,0,0,,,METAR KNZY 270252Z 00000KT 7SM FEW010 BKN200 23/20 A2983 RMK AO2 SLP100 T02280200 58004
2026-09-27T03:52:00Z,2026-09-27T03:55:13Z,0,5,,,METAR KNZY 270352Z 36005KT 10SM FEW010 BKN200 23/20 A2983 RMK AO2 SLP100 T02330200
2026-09-27T04:52:00Z,2026-09-27T04:55:15Z,310,4,,,METAR KNZY 270452Z 31004KT 10SM FEW010 BKN200 23/20 A2984 RMK AO2 SLP103 T02280200
2026-09-27T06:52:00Z,2026-09-27T06:55:14Z,350,3,,,METAR KNZY 270652Z AUTO 35003KT 10SM CLR 23/21 A2986 RMK AO2 SLP112 T02280206
2026-09-27T08:52:00Z,2026-09-27T08:55:24Z,0,0,,,METAR KNZY 270852Z AUTO 00000KT 9SM CLR 22/21 A2985 RMK AO2 SLP108 T02220206 58002
2026-09-27T09:52:00Z,2026-09-27T09:55:16Z,300,4,,,METAR KNZY 270952Z AUTO 30004KT 9SM CLR 22/21 A2985 RMK AO2 SLP106 T02220206
2026-09-27T10:52:00Z,2026-09-27T10:55:16Z,0,0,,,METAR KNZY 271052Z AUTO 00000KT 7SM CLR 22/21 A2984 RMK AO2 SLP103 T02220206
2026-09-27T11:52:00Z,2026-09-27T11:55:15Z,340,5,,,METAR KNZY 271152Z AUTO 34005KT 8SM CLR 22/21 A2982 RMK AO2 SLP099 T02220206 10228 20217 58009
2026-09-27T12:52:00Z,2026-09-27T12:55:16Z,320,3,,,METAR KNZY 271252Z AUTO 32003KT 8SM CLR 22/21 A2983 RMK AO2 SLP101 T02220211
2026-09-27T13:52:00Z,2026-09-27T13:55:18Z,0,0,,,METAR KNZY 271352Z AUTO 00000KT 3SM BR CLR 22/21 A2984 RMK AO2 SLP104 T02170206
2026-09-27T13:57:00Z,2026-09-27T14:05:16Z,0,0,,,SPECI KNZY 271357Z AUTO 00000KT 1 3/4SM BR CLR 22/21 A2984 RMK AO2 T02170206
2026-09-27T14:20:00Z,2026-09-27T14:25:14Z,0,0,,,SPECI KNZY 271420Z 00000KT 8SM SCT120 BKN170 BKN220 22/21 A2985 RMK AO2 T02170206
2026-09-27T14:52:00Z,2026-09-27T14:55:18Z,0,0,,,METAR KNZY 271452Z 00000KT 8SM FEW004 FEW120 BKN160 BKN200 BKN250 22/21 A2986 RMK AO2 SLP112 T02220211 53013
2026-09-27T15:52:00Z,2026-09-27T15:55:13Z,150,4,,,METAR KNZY 271552Z 15004KT 7SM FEW009 SCT120 SCT160 BKN200 OVC250 23/21 A2987 RMK AO2 SLP113 BINOVC T02280211
2026-09-27T16:48:00Z,2026-09-27T16:55:13Z,200,3,,,SPECI KNZY 271648Z 20003KT 6SM SCT006 BKN012 BKN120 BKN170 23/21 A2988 RMK AO2
2026-09-27T16:52:00Z,2026-09-27T16:55:13Z,0,0,,,METAR KNZY 271652Z 00000KT 8SM SCT006 BKN012 BKN160 BKN200 OVC250 23/21 A2988 RMK AO2 SLP117 SHRA DSNT SW BINOVC T02330211
2026-09-27T16:58:00Z,2026-09-27T17:05:16Z,160,4,,,SPECI KNZY 271658Z 16004KT 6SM BKN007 BKN160 BKN200 OVC250 23/21 A2988 RMK AO2 SCT008 V BKN BINOVC T02330211
2026-09-27T17:27:00Z,2026-09-27T17:35:17Z,300,4,,,SPECI KNZY 271727Z 30004KT 8SM SCT008 BKN160 BKN200 OVC250 24/21 A2988 RMK AO2 SHRA DSNT SW BINOVC T02390211
2026-09-27T17:52:00Z,2026-09-27T17:55:15Z,320,3,,,METAR KNZY 271752Z 32003KT 8SM FEW008 FEW120 BKN160 BKN200 BKN250 24/21 A2988 RMK AO2 SLP117 SHRA VC S-SE T02440206 10244 20217 50004
2026-09-27T18:52:00Z,2026-09-27T18:55:17Z,230,4,,,METAR KNZY 271852Z 23004KT 7SM SCT150 BKN200 OVC250 25/21 A2987 RMK AO2 SLP115 SHRA DSNT S-SE BINOVC T02500206
2026-09-27T19:52:00Z,2026-09-27T20:05:14Z,270,4,,,METAR KNZY 271952Z 27004KT 9SM SCT140 BKN180 BKN250 26/19 A2987 RMK AO2 SLP113 SHRA DSNT SE-S T02560194
2026-09-27T21:26:00Z,2026-09-27T21:45:17Z,310,6,,,SPECI KNZY 272126Z COR 31006KT 8SM FEW007 SCT090 BKN150 BKN200 OVC250 24/21 A2989 RMK AO2 SHRA VC E-W T02440206
2026-09-27T21:52:00Z,2026-09-27T22:05:18Z,330,5,,,METAR KNZY 272152Z 33005KT 9SM FEW007 SCT070 BKN120 OVC200 24/21 A2985 RMK AO2 RAB50E51 SLP108 P0000 T02390211
2026-09-27T22:52:00Z,2026-09-27T22:55:15Z,0,0,,,METAR KNZY 272252Z 00000KT 10SM FEW010 BKN120 OVC200 24/21 A2984 RMK AO2 SLP105 T02440206
2026-09-27T23:52:00Z,2026-09-27T23:55:15Z,260,3,,,METAR KNZY 272352Z 26003KT 10SM FEW010 SCT120 OVC299 25/20 A2983 RMK AO2 SLP100 60000 T02500200 10261 20239 58010
2026-09-28T00:52:00Z,2026-09-28T00:55:14Z,300,3,,,METAR KNZY 280052Z 30003KT 10SM FEW010 SCT120 OVC200 24/19 A2982 RMK AO2 SLP097 T02390194
2026-09-28T01:52:00Z,2026-09-28T01:55:15Z,290,4,,,METAR KNZY 280152Z 29004KT 10SM FEW010 SCT120 BKN200 24/19 A2982 RMK AO2 SLP097 T02390194
2026-09-28T02:52:00Z,2026-09-28T02:55:16Z,10,3,,,METAR KNZY 280252Z 01003KT 10SM FEW010 BKN120 OVC200 24/18 A2982 RMK AO2 SLP099 T02390183 55001
2026-09-28T03:52:00Z,2026-09-28T03:55:17Z,310,5,,,METAR KNZY 280352Z 31005KT 10SM FEW010 BKN120 OVC200 23/20 A2985 RMK AO2 SLP106 T02330200
2026-09-28T04:52:00Z,2026-09-28T04:55:17Z,310,3,,,METAR KNZY 280452Z 31003KT 9SM -RA FEW010 BKN120 OVC200 23/20 A2986 RMK AO2 RAB25 SLP112 P0001 T02330200
2026-09-28T05:52:00Z,2026-09-28T05:55:15Z,170,4,,,METAR KNZY 280552Z AUTO 17004KT 5SM -RA BR FEW120 23/21 A2986 RMK AO2 SLP110 P0000 60001 T02280211 10250 20222 50011
2026-09-28T06:52:00Z,2026-09-28T06:55:18Z,200,4,,,METAR KNZY 280652Z AUTO 20004KT 10SM CLR 22/18 A2986 RMK AO2 RAE10 SLP111 P0001 T02170178
2026-09-28T09:52:00Z,2026-09-28T09:55:16Z,0,0,,,METAR KNZY 280952Z AUTO 00000KT 10SM BKN060 22/17 A2983 RMK AO2 SLP100 T02170167
2026-09-28T10:52:00Z,2026-09-28T10:55:17Z,350,4,,,METAR KNZY 281052Z AUTO 35004KT 10SM CLR 22/19 A2980 RMK AO2 SLP089 T02170189
2026-09-28T12:52:00Z,2026-09-28T13:05:17Z,0,0,,,METAR KNZY 281252Z 00000KT 9SM BKN055 OVC070 22/20 A2980 RMK AO2 SLP089 T02220200
2026-09-28T13:52:00Z,2026-09-28T13:55:29Z,0,0,,,METAR KNZY 281352Z 00000KT 7SM OVC080 22/20 A2981 RMK AO2 SLP093 T02170200
2026-09-28T14:52:00Z,2026-09-28T14:55:17Z,0,0,,,METAR KNZY 281452Z 00000KT 8SM FEW012 SCT080 SCT200 22/20 A2980 RMK AO2 SLP092 T02220200 53001
2026-09-28T15:52:00Z,2026-09-28T16:05:18Z,310,5,,,METAR KNZY 281552Z 31005KT 10SM FEW012 SCT060 SCT160 24/18 A2980 RMK AO2 SLP092 T02390178
2026-09-28T16:52:00Z,2026-09-28T16:55:19Z,290,6,,,METAR KNZY 281652Z 29006KT 10SM FEW012 SCT060 SCT160 24/19 A2982 RMK AO2 SLP097 T02440194
2026-09-28T17:52:00Z,2026-09-28T17:55:20Z,300,9,,,METAR KNZY 281752Z 30009KT 10SM FEW014 SCT060 SCT160 24/20 A2981 RMK AO2 SLP094 T02440200 10250 20217 50003
2026-09-28T18:52:00Z,2026-09-28T18:55:17Z,270,8,,,METAR KNZY 281852Z 27008KT 8SM FEW014 SCT060 26/19 A2981 RMK AO2 SLP094 T02560194
2026-09-28T19:52:00Z,2026-09-28T19:55:18Z,300,12,20,,METAR KNZY 281952Z 30012G20KT 10SM FEW015 SCT060 25/18 A2980 RMK AO2 SLP089 T02500183
2026-09-28T20:52:00Z,2026-09-28T20:55:15Z,280,9,,,METAR KNZY 282052Z 28009KT 10SM FEW020 SCT060 24/18 A2977 RMK AO2 SLP080 T02440178 58014
2026-09-28T21:52:00Z,2026-09-28T21:55:17Z,290,10,,,METAR KNZY 282152Z 29010KT 10SM CLR 25/16 A2975 RMK AO2 SLP074 T02500161
2026-09-28T22:52:00Z,2026-09-28T22:55:15Z,290,7,,,METAR KNZY 282252Z 29007KT 10SM FEW020 SCT050 24/17 A2974 RMK AO2 SLP070 T02390167
2026-09-29T00:52:00Z,2026-09-29T00:55:15Z,280,8,,,METAR KNZY 290052Z 28008KT 10SM CLR 22/17 A2973 RMK AO2 SLP066 T02220167
2026-09-29T01:52:00Z,2026-09-29T01:55:54Z,320,8,,,METAR KNZY 290152Z 32008KT 10SM SCT019 22/17 A2973 RMK AO2 SLP065 T02170167
2026-09-29T02:50:00Z,2026-09-29T02:55:17Z,300,5,,,SPECI KNZY 290250Z 30005KT 10SM BKN020 21/17 A2973 RMK AO2
2026-09-29T02:52:00Z,2026-09-29T02:55:17Z,300,4,,,METAR KNZY 290252Z 30004KT 10SM BKN020 21/17 A2973 RMK AO2 SLP068 T02110167 53002
2026-09-28T23:52:00Z,2026-09-29T03:15:17Z,270,8,,,METAR KNZY 282352Z 27008KT 10SM FEW019 23/17 A2973 RMK AO2 SLP066 T02330172 10256 20233 56014
2026-09-29T03:52:00Z,2026-09-29T03:55:16Z,330,3,,,METAR KNZY 290352Z 33003KT 10SM SCT022 21/16 A2974 RMK AO2 SLP069 T02060156
2026-09-29T04:52:00Z,2026-09-29T04:55:17Z,240,3,,,METAR KNZY 290452Z 24003KT 10SM SCT022 20/16 A2974 RMK AO2 SLP070 T02000156
2026-09-29T05:52:00Z,2026-09-29T05:55:17Z,0,0,,,METAR KNZY 290552Z 00000KT 8SM SCT022 19/16 A2973 RMK AO2 SLP068 T01890156 10233 20183 50000
2026-09-29T06:52:00Z,2026-09-29T06:55:18Z,290,6,,,METAR KNZY 290652Z 29006KT 8SM FEW016 19/16 A2974 RMK AO2 SLP072 T01940156
2026-09-29T07:52:00Z,2026-09-29T07:55:17Z,0,0,,,METAR KNZY 290752Z 00000KT 8SM FEW016 19/16 A2974 RMK AO2 SLP071 T01890156 402560183
2026-09-29T08:52:00Z,2026-09-29T08:55:17Z,0,0,,,METAR KNZY 290852Z 00000KT 9SM BKN017 19/15 A2973 RMK AO2 SLP068 T01890150 58000
2026-09-29T09:52:00Z,2026-09-29T09:55:16Z,20,4,,,METAR KNZY 290952Z 02004KT 10SM FEW018 19/16 A2973 RMK AO2 SLP066 T01940156
2026-09-29T10:52:00Z,2026-09-29T10:55:17Z,70,4,,,METAR KNZY 291052Z 07004KT 9SM FEW018 18/16 A2973 RMK AO2 SLP065 T01780156
2026-09-29T11:52:00Z,2026-09-29T11:55:14Z,90,5,,,METAR KNZY 291152Z 09005KT 10SM FEW018 17/15 A2971 RMK AO2 SLP061 T01720150 10200 20172 58007
2026-09-29T12:52:00Z,2026-09-29T12:55:52Z,90,4,,,METAR KNZY 291252Z 09004KT 10SM FEW018 17/14 A2971 RMK AO2 SLP060 T01720144
2026-09-29T13:52:00Z,2026-09-29T14:25:19Z,0,0,,,METAR KNZY 291352Z 00000KT 10SM FEW025 17/14 A2971 RMK AO2 SLP061 T01670139
2026-09-29T14:52:00Z,2026-09-29T14:55:18Z,0,0,,,METAR KNZY 291452Z 00000KT 9SM FEW030 19/14 A2971 RMK AO2 SLP062 T01890139 53001
2026-09-29T15:52:00Z,2026-09-29T15:55:18Z,150,5,,,METAR KNZY 291552Z 15005KT 10SM FEW030 20/14 A2972 RMK AO2 SLP063 T02000139
2026-09-29T16:52:00Z,2026-09-29T17:05:27Z,190,6,,,METAR KNZY 291652Z 19006KT 9SM FEW030 21/15 A2972 RMK AO2 SLP062 T02110150
2026-09-29T17:52:00Z,2026-09-29T17:55:17Z,310,3,,,METAR KNZY 291752Z 31003KT 10SM FEW035 23/15 A2971 RMK AO2 SLP060 T02330150 10233 20167 58002
2026-09-29T18:52:00Z,2026-09-29T18:55:23Z,300,9,,,METAR KNZY 291852Z 30009KT 10SM FEW035 24/16 A2970 RMK AO2 SLP055 T02390156
2026-09-29T19:52:00Z,2026-09-29T19:55:17Z,300,10,,,METAR KNZY 291952Z 30010KT 10SM FEW035 24/17 A2969 RMK AO2 SLP054 T02440167
2026-09-29T20:52:00Z,2026-09-29T21:05:18Z,280,9,,,METAR KNZY 292052Z 28009KT 10SM FEW035 25/17 A2967 RMK AO2 SLP048 T02500167 58012
2026-09-29T21:52:00Z,2026-09-29T21:55:31Z,270,10,,,METAR KNZY 292152Z 27010KT 10SM FEW035 24/18 A2967 RMK AO2 SLP046 T02390183
2026-09-29T22:52:00Z,2026-09-29T22:55:16Z,260,8,,,METAR KNZY 292252Z 26008KT 9SM FEW017 SCT035 24/19 A2967 RMK AO2 SLP047 T02440189
2026-09-29T23:52:00Z,2026-09-29T23:55:16Z,170,5,,,METAR KNZY 292352Z 17005KT 10SM FEW017 SCT035 24/19 A2966 RMK AO2 SLP045 T02390189 10250 20233 57003
2026-09-30T00:52:00Z,2026-09-30T00:55:18Z,,4,,1,METAR KNZY 300052Z VRB04KT 10SM FEW015 FEW037 23/19 A2968 RMK AO2 SLP050 T02330189
2026-09-30T01:52:00Z,2026-09-30T01:55:18Z,190,5,,,METAR KNZY 300152Z 19005KT 10SM FEW014 FEW038 22/19 A2969 RMK AO2 SLP053 T02220194
2026-09-30T02:52:00Z,2026-09-30T02:55:23Z,190,3,,,METAR KNZY 300252Z 19003KT 10SM FEW013 FEW039 22/19 A2971 RMK AO2 SLP060 T02170194 53015
2026-09-30T03:52:00Z,2026-09-30T03:55:16Z,210,5,,,METAR KNZY 300352Z 21005KT 10SM FEW012 FEW040 22/19 A2972 RMK AO2 SLP064 T02170194
2026-09-30T04:52:00Z,2026-09-30T05:15:19Z,180,3,,,METAR KNZY 300452Z 18003KT 8SM FEW011 FEW040 21/19 A2972 RMK AO2 SLP065 T02110194
2026-09-30T05:52:00Z,2026-09-30T05:55:36Z,190,5,,,METAR KNZY 300552Z 19005KT 7SM FEW007 SCT011 21/19 A2973 RMK AO2 SLP067 T02110194 10244 20211 51007
2026-09-30T06:52:00Z,2026-09-30T07:15:29Z,190,6,,,METAR KNZY 300652Z 19006KT 6SM BR FEW007 SCT011 21/19 A2972 RMK AO2 SLP065 T02110194
2026-09-30T07:28:00Z,2026-09-30T07:35:17Z,190,6,,,SPECI KNZY 300728Z 19006KT 6SM BR BKN009 BKN011 21/19 A2973 RMK AO2 T02110194
2026-09-30T07:52:00Z,2026-09-30T07:55:16Z,190,5,,,METAR KNZY 300752Z 19005KT 6SM BR BKN009 BKN011 22/19 A2974 RMK AO2 SLP070 T02170194 402500167
2026-09-30T08:52:00Z,2026-09-30T08:55:15Z,180,5,,,METAR KNZY 300852Z 18005KT 7SM SCT009 BKN013 22/19 A2975 RMK AO2 SLP074 T02170189 53007
2026-09-30T09:52:00Z,2026-09-30T09:55:16Z,190,4,,,METAR KNZY 300952Z 19004KT 7SM FEW009 BKN013 21/18 A2975 RMK AO2 SLP074 T02110183
2026-09-30T10:52:00Z,2026-09-30T10:55:17Z,180,4,,,METAR KNZY 301052Z 18004KT 7SM FEW009 BKN013 21/18 A2975 RMK AO2 SLP074 T02110183
2026-09-30T11:52:00Z,2026-09-30T12:05:21Z,140,7,,,METAR KNZY 301152Z 14007KT 8SM FEW009 BKN013 21/18 A2976 RMK AO2 SLP079 T02110178 10217 20211 53005
2026-09-30T12:52:00Z,2026-09-30T13:05:18Z,140,10,,,METAR KNZY 301252Z 14010KT 8SM BKN013 21/18 A2978 RMK AO2 SLP084 T02060178
2026-09-30T13:52:00Z,2026-09-30T13:55:21Z,130,10,,,METAR KNZY 301352Z 13010KT 7SM OVC015 21/18 A2980 RMK AO2 SLP090 T02110178
2026-09-30T14:52:00Z,2026-09-30T15:05:18Z,130,5,,,METAR KNZY 301452Z 13005KT 7SM BKN016 21/17 A2981 RMK AO2 SLP095 T02110172 51016
2026-09-30T15:52:00Z,2026-09-30T15:55:16Z,190,5,,,METAR KNZY 301552Z 19005KT 7SM BKN016 22/17 A2983 RMK AO2 SLP100 T02170172
2026-09-30T16:31:00Z,2026-09-30T16:35:19Z,170,5,,,SPECI KNZY 301631Z 17005KT 7SM SCT016 22/17 A2984 RMK AO2 T02220172
2026-09-30T16:52:00Z,2026-09-30T16:55:17Z,170,4,,,METAR KNZY 301652Z 17004KT 8SM FEW016 22/17 A2984 RMK AO2 SLP105 T02220172
2026-09-30T17:52:00Z,2026-09-30T18:05:17Z,180,7,,,METAR KNZY 301752Z 18007KT 8SM FEW016 23/18 A2984 RMK AO2 SLP104 T02280178 10228 20206 50009
2026-09-30T18:52:00Z,2026-09-30T19:15:19Z,200,8,,,METAR KNZY 301852Z 20008KT 8SM CLR 23/17 A2983 RMK AO2 SLP101 T02330172
2026-09-30T19:52:00Z,2026-09-30T19:55:18Z,210,8,,,METAR KNZY 301952Z 21008KT 8SM CLR 23/17 A2981 RMK AO2 SLP093 T02280172
2026-09-30T20:52:00Z,2026-09-30T20:55:17Z,210,10,,,METAR KNZY 302052Z 21010KT 8SM CLR 23/17 A2980 RMK AO2 SLP089 T02330172 58015
