part,seq,lat,lon,source_layer,fetched_utc
0,0,32.6742000,-117.1577201,https://gis.charttools.noaa.gov/arcgis/rest/services/encdirect/enc_approach/MapServer/88,2026-09-20T05:15:04Z
0,1,32.6735230,-117.1585920,https://gis.charttools.noaa.gov/arcgis/rest/services/encdirect/enc_approach/MapServer/88,2026-09-20T05:15:04Z
0,2,32.6730576,-117.1591945,https://gis.charttools.noaa.gov/arcgis/rest/services/encdirect/enc_approach/MapServer/88,2026-09-20T05:15:04Z
0,3,32.6727635,-117.1595529,https://gis.charttools.noaa.gov/arcgis/rest/services/encdirect/enc_approach/MapServer/88,2026-09-20T05:15:04Z
0,4,32.6718094,-117.1602556,https://gis.charttools.noaa.gov/arcgis/rest/services/encdirect/enc_approach/MapServer/88,2026-09-20T05:15:04Z
0,5,32.6711799,-117.1604843,https://gis.charttools.noaa.gov/arcgis/rest/services/encdirect/enc_approach/MapServer/88,2026-09-20T05:15:04Z
0,6,32.6694303,-117.1600877,https://gis.charttools.noaa.gov/arcgis/rest/services/encdirect/enc_approach/MapServer/88,2026-09-20T05:15:04Z
0,7,32.6688797,-117.1604156,https://gis.charttools.noaa.gov/arcgis/rest/services/encdirect/enc_approach/MapServer/88,2026-09-20T05:15:04Z
0,8,32.6683471,-117.1606370,https://gis.charttools.noaa.gov/arcgis/rest/services/encdirect/enc_approach/MapServer/88,2026-09-20T05:15:04Z
0,9,32.6670912,-117.1605071,https://gis.charttools.noaa.gov/arcgis/rest/services/encdirect/enc_approach/MapServer/88,2026-09-20T05:15:04Z
0,10,32.6658741,-117.1598967,https://gis.charttools.noaa.gov/arcgis/rest/services/encdirect/enc_approach/MapServer/88,2026-09-20T05:15:04Z
0,11,32.6655997,-117.1593476,https://gis.charttools.noaa.gov/arcgis/rest/services/encdirect/enc_approach/MapServer/88,2026-09-20T05:15:04Z
0,12,32.6656658,-117.1587982,https://gis.charttools.noaa.gov/arcgis/rest/services/encdirect/enc_approach/MapServer/88,2026-09-20T05:15:04Z
0,13,32.6656646,-117.1579133,https://gis.charttools.noaa.gov/arcgis/rest/services/encdirect/enc_approach/MapServer/88,2026-09-20T05:15:04Z
0,14,32.6654581,-117.1571961,https://gis.charttools.noaa.gov/arcgis/rest/services/encdirect/enc_approach/MapServer/88,2026-09-20T05:15:04Z
0,15,32.6652540,-117.1569451,https://gis.charttools.noaa.gov/arcgis/rest/services/encdirect/enc_approach/MapServer/88,2026-09-20T05:15:04Z
0,16,32.6648279,-117.1566786,https://gis.charttools.noaa.gov/arcgis/rest/services/encdirect/enc_approach/MapServer/88,2026-09-20T05:15:04Z
0,17,32.6642369,-117.1564219,https://gis.charttools.noaa.gov/arcgis/rest/services/encdirect/enc_approach/MapServer/88,2026-09-20T05:15:04Z
1,0,32.6742000,-117.1577201,https://gis.charttools.noaa.gov/arcgis/rest/services/encdirect/enc_approach/MapServer/88,2026-09-20T05:15:04Z
1,1,32.6741669,-117.1578216,https://gis.charttools.noaa.gov/arcgis/rest/services/encdirect/enc_approach/MapServer/88,2026-09-20T05:15:04Z
1,2,32.6740156,-117.1580047,https://gis.charttools.noaa.gov/arcgis/rest/services/encdirect/enc_approach/MapServer/88,2026-09-20T05:15:04Z
1,3,32.6738959,-117.1581575,https://gis.charttools.noaa.gov/arcgis/rest/services/encdirect/enc_approach/MapServer/88,2026-09-20T05:15:04Z
1,4,32.6738236,-117.1582490,https://gis.charttools.noaa.gov/arcgis/rest/services/encdirect/enc_approach/MapServer/88,2026-09-20T05:15:04Z
1,5,32.6737626,-117.1583329,https://gis.charttools.noaa.gov/arcgis/rest/services/encdirect/enc_approach/MapServer/88,2026-09-20T05:15:04Z
1,6,32.6737219,-117.1584091,https://gis.charttools.noaa.gov/arcgis/rest/services/encdirect/enc_approach/MapServer/88,2026-09-20T05:15:04Z
1,7,32.6736790,-117.1584474,https://gis.charttools.noaa.gov/arcgis/rest/services/encdirect/enc_approach/MapServer/88,2026-09-20T05:15:04Z
1,8,32.6736406,-117.1584700,https://gis.charttools.noaa.gov/arcgis/rest/services/encdirect/enc_approach/MapServer/88,2026-09-20T05:15:04Z
1,9,32.6736180,-117.1584930,https://gis.charttools.noaa.gov/arcgis/rest/services/encdirect/enc_approach/MapServer/88,2026-09-20T05:15:04Z
1,10,32.6735550,-117.1585540,https://gis.charttools.noaa.gov/arcgis/rest/services/encdirect/enc_approach/MapServer/88,2026-09-20T05:15:04Z
1,11,32.6735230,-117.1585920,https://gis.charttools.noaa.gov/arcgis/rest/services/encdirect/enc_approach/MapServer/88,2026-09-20T05:15:04Z
1,12,32.6734958,-117.1586683,https://gis.charttools.noaa.gov/arcgis/rest/services/encdirect/enc_approach/MapServer/88,2026-09-20T05:15:04Z
1,13,32.6734280,-117.1587905,https://gis.charttools.noaa.gov/arcgis/rest/services/encdirect/enc_approach/MapServer/88,2026-09-20T05:15:04Z
1,14,32.6733806,-117.1588514,https://gis.charttools.noaa.gov/arcgis/rest/services/encdirect/enc_approach/MapServer/88,2026-09-20T05:15:04Z
1,15,32.6733467,-117.1588743,https://gis.charttools.noaa.gov/arcgis/rest/services/encdirect/enc_approach/MapServer/88,2026-09-20T05:15:04Z
1,16,32.6732857,-117.1589582,https://gis.charttools.noaa.gov/arcgis/rest/services/encdirect/enc_approach/MapServer/88,2026-09-20T05:15:04Z
1,17,32.6732067,-117.1590423,https://gis.charttools.noaa.gov/arcgis/rest/services/encdirect/enc_approach/MapServer/88,2026-09-20T05:15:04Z
1,18,32.6731591,-117.1591261,https://gis.charttools.noaa.gov/arcgis/rest/services/encdirect/enc_approach/MapServer/88,2026-09-20T05:15:04Z
1,19,32.6730576,-117.1591945,https://gis.charttools.noaa.gov/arcgis/rest/services/encdirect/enc_approach/MapServer/88,2026-09-20T05:15:04Z
1,20,32.6730191,-117.1592404,https://gis.charttools.noaa.gov/arcgis/rest/services/encdirect/enc_approach/MapServer/88,2026-09-20T05:15:04Z
1,21,32.6729647,-117.1593396,https://gis.charttools.noaa.gov/arcgis/rest/services/encdirect/enc_approach/MapServer/88,2026-09-20T05:15:04Z
1,22,32.6729308,-117.1593774,https://gis.charttools.noaa.gov/arcgis/rest/services/encdirect/enc_approach/MapServer/88,2026-09-20T05:15:04Z
1,23,32.6728698,-117.1594385,https://gis.charttools.noaa.gov/arcgis/rest/services/encdirect/enc_approach/MapServer/88,2026-09-20T05:15:04Z
1,24,32.6728133,-117.1594917,https://gis.charttools.noaa.gov/arcgis/rest/services/encdirect/enc_approach/MapServer/88,2026-09-20T05:15:04Z
1,25,32.6727635,-117.1595529,https://gis.charttools.noaa.gov/arcgis/rest/services/encdirect/enc_approach/MapServer/88,2026-09-20T05:15:04Z
1,26,32.6727252,-117.1595830,https://gis.charttools.noaa.gov/arcgis/rest/services/encdirect/enc_approach/MapServer/88,2026-09-20T05:15:04Z
1,27,32.6726799,-117.1595906,https://gis.charttools.noaa.gov/arcgis/rest/services/encdirect/enc_approach/MapServer/88,2026-09-20T05:15:04Z
1,28,32.6726660,-117.1596030,https://gis.charttools.noaa.gov/arcgis/rest/services/encdirect/enc_approach/MapServer/88,2026-09-20T05:15:04Z
1,29,32.6726423,-117.1596220,https://gis.charttools.noaa.gov/arcgis/rest/services/encdirect/enc_approach/MapServer/88,2026-09-20T05:15:04Z
1,30,32.6725882,-117.1596604,https://gis.charttools.noaa.gov/arcgis/rest/services/encdirect/enc_approach/MapServer/88,2026-09-20T05:15:04Z
1,31,32.6725498,-117.1597289,https://gis.charttools.noaa.gov/arcgis/rest/services/encdirect/enc_approach/MapServer/88,2026-09-20T05:15:04Z
1,32,32.6725159,-117.1597519,https://gis.charttools.noaa.gov/arcgis/rest/services/encdirect/enc_approach/MapServer/88,2026-09-20T05:15:04Z
1,33,32.6723443,-117.1598816,https://gis.charttools.noaa.gov/arcgis/rest/services/encdirect/enc_approach/MapServer/88,2026-09-20T05:15:04Z
1,34,32.6723376,-117.1598864,https://gis.charttools.noaa.gov/arcgis/rest/services/encdirect/enc_approach/MapServer/88,2026-09-20T05:15:04Z
1,35,32.6723330,-117.1598910,https://gis.charttools.noaa.gov/arcgis/rest/services/encdirect/enc_approach/MapServer/88,2026-09-20T05:15:04Z
1,36,32.6723286,-117.1598929,https://gis.charttools.noaa.gov/arcgis/rest/services/encdirect/enc_approach/MapServer/88,2026-09-20T05:15:04Z
1,37,32.6722895,-117.1599209,https://gis.charttools.noaa.gov/arcgis/rest/services/encdirect/enc_approach/MapServer/88,2026-09-20T05:15:04Z
1,38,32.6722270,-117.1599657,https://gis.charttools.noaa.gov/arcgis/rest/services/encdirect/enc_approach/MapServer/88,2026-09-20T05:15:04Z
1,39,32.6721119,-117.1600341,https://gis.charttools.noaa.gov/arcgis/rest/services/encdirect/enc_approach/MapServer/88,2026-09-20T05:15:04Z
1,40,32.6718094,-117.1602556,https://gis.charttools.noaa.gov/arcgis/rest/services/encdirect/enc_approach/MapServer/88,2026-09-20T05:15:04Z
1,41,32.6717078,-117.1603010,https://gis.charttools.noaa.gov/arcgis/rest/services/encdirect/enc_approach/MapServer/88,2026-09-20T05:15:04Z
1,42,32.6715973,-117.1603544,https://gis.charttools.noaa.gov/arcgis/rest/services/encdirect/enc_approach/MapServer/88,2026-09-20T05:15:04Z
1,43,32.6714822,-117.1603925,https://gis.charttools.noaa.gov/arcgis/rest/services/encdirect/enc_approach/MapServer/88,2026-09-20T05:15:04Z
1,44,32.6714484,-117.1604001,https://gis.charttools.noaa.gov/arcgis/rest/services/encdirect/enc_approach/MapServer/88,2026-09-20T05:15:04Z
1,45,32.6713716,-117.1604307,https://gis.charttools.noaa.gov/arcgis/rest/services/encdirect/enc_approach/MapServer/88,2026-09-20T05:15:04Z
1,46,32.6712950,-117.1604385,https://gis.charttools.noaa.gov/arcgis/rest/services/encdirect/enc_approach/MapServer/88,2026-09-20T05:15:04Z
1,47,32.6712498,-117.1604614,https://gis.charttools.noaa.gov/arcgis/rest/services/encdirect/enc_approach/MapServer/88,2026-09-20T05:15:04Z
1,48,32.6711799,-117.1604843,https://gis.charttools.noaa.gov/arcgis/rest/services/encdirect/enc_approach/MapServer/88,2026-09-20T05:15:04Z
1,49,32.6709071,-117.1604384,https://gis.charttools.noaa.gov/arcgis/rest/services/encdirect/enc_approach/MapServer/88,2026-09-20T05:15:04Z
1,50,32.6708417,-117.1604153,https://gis.charttools.noaa.gov/arcgis/rest/services/encdirect/enc_approach/MapServer/88,2026-09-20T05:15:04Z
1,51,32.6706816,-117.1603698,https://gis.charttools.noaa.gov/arcgis/rest/services/encdirect/enc_approach/MapServer/88,2026-09-20T05:15:04Z
1,52,32.6705103,-117.1602936,https://gis.charttools.noaa.gov/arcgis/rest/services/encdirect/enc_approach/MapServer/88,2026-09-20T05:15:04Z
1,53,32.6702421,-117.1602098,https://gis.charttools.noaa.gov/arcgis/rest/services/encdirect/enc_approach/MapServer/88,2026-09-20T05:15:04Z
1,54,32.6700482,-117.1601488,https://gis.charttools.noaa.gov/arcgis/rest/services/encdirect/enc_approach/MapServer/88,2026-09-20T05:15:04Z
1,55,32.6697236,-117.1600645,https://gis.charttools.noaa.gov/arcgis/rest/services/encdirect/enc_approach/MapServer/88,2026-09-20T05:15:04Z
1,56,32.6696627,-117.1600648,https://gis.charttools.noaa.gov/arcgis/rest/services/encdirect/enc_approach/MapServer/88,2026-09-20T05:15:04Z
1,57,32.6695679,-117.1600723,https://gis.charttools.noaa.gov/arcgis/rest/services/encdirect/enc_approach/MapServer/88,2026-09-20T05:15:04Z
1,58,32.6694303,-117.1600877,https://gis.charttools.noaa.gov/arcgis/rest/services/encdirect/enc_approach/MapServer/88,2026-09-20T05:15:04Z
1,59,32.6692769,-117.1601564,https://gis.charttools.noaa.gov/arcgis/rest/services/encdirect/enc_approach/MapServer/88,2026-09-20T05:15:04Z
1,60,32.6691167,-117.1602248,https://gis.charttools.noaa.gov/arcgis/rest/services/encdirect/enc_approach/MapServer/88,2026-09-20T05:15:04Z
1,61,32.6690061,-117.1603012,https://gis.charttools.noaa.gov/arcgis/rest/services/encdirect/enc_approach/MapServer/88,2026-09-20T05:15:04Z
1,62,32.6689406,-117.1603394,https://gis.charttools.noaa.gov/arcgis/rest/services/encdirect/enc_approach/MapServer/88,2026-09-20T05:15:04Z
1,63,32.6688797,-117.1604156,https://gis.charttools.noaa.gov/arcgis/rest/services/encdirect/enc_approach/MapServer/88,2026-09-20T05:15:04Z
1,64,32.6687961,-117.1604768,https://gis.charttools.noaa.gov/arcgis/rest/services/encdirect/enc_approach/MapServer/88,2026-09-20T05:15:04Z
1,65,32.6687510,-117.1604844,https://gis.charttools.noaa.gov/arcgis/rest/services/encdirect/enc_approach/MapServer/88,2026-09-20T05:15:04Z
1,66,32.6686855,-117.1605453,https://gis.charttools.noaa.gov/arcgis/rest/services/encdirect/enc_approach/MapServer/88,2026-09-20T05:15:04Z
1,67,32.6685795,-117.1605834,https://gis.charttools.noaa.gov/arcgis/rest/services/encdirect/enc_approach/MapServer/88,2026-09-20T05:15:04Z
1,68,32.6683471,-117.1606370,https://gis.charttools.noaa.gov/arcgis/rest/services/encdirect/enc_approach/MapServer/88,2026-09-20T05:15:04Z
1,69,32.6679999,-117.1606140,https://gis.charttools.noaa.gov/arcgis/rest/services/encdirect/enc_approach/MapServer/88,2026-09-20T05:15:04Z
1,70,32.6675985,-117.1605683,https://gis.charttools.noaa.gov/arcgis/rest/services/encdirect/enc_approach/MapServer/88,2026-09-20T05:15:04Z
1,71,32.6673324,-117.1605529,https://gis.charttools.noaa.gov/arcgis/rest/services/encdirect/enc_approach/MapServer/88,2026-09-20T05:15:04Z
1,72,32.6670912,-117.1605071,https://gis.charttools.noaa.gov/arcgis/rest/services/encdirect/enc_approach/MapServer/88,2026-09-20T05:15:04Z
1,73,32.6667440,-117.1603928,https://gis.charttools.noaa.gov/arcgis/rest/services/encdirect/enc_approach/MapServer/88,2026-09-20T05:15:04Z
1,74,32.6666191,-117.1603398,https://gis.charttools.noaa.gov/arcgis/rest/services/encdirect/enc_approach/MapServer/88,2026-09-20T05:15:04Z
1,75,32.6666178,-117.1603393,https://gis.charttools.noaa.gov/arcgis/rest/services/encdirect/enc_approach/MapServer/88,2026-09-20T05:15:04Z
1,76,32.6665277,-117.1603030,https://gis.charttools.noaa.gov/arcgis/rest/services/encdirect/enc_approach/MapServer/88,2026-09-20T05:15:04Z
1,77,32.6664284,-117.1602630,https://gis.charttools.noaa.gov/arcgis/rest/services/encdirect/enc_approach/MapServer/88,2026-09-20T05:15:04Z
1,78,32.6661715,-117.1601182,https://gis.charttools.noaa.gov/arcgis/rest/services/encdirect/enc_approach/MapServer/88,2026-09-20T05:15:04Z
1,79,32.6660499,-117.1600343,https://gis.charttools.noaa.gov/arcgis/rest/services/encdirect/enc_approach/MapServer/88,2026-09-20T05:15:04Z
1,80,32.6658741,-117.1598967,https://gis.charttools.noaa.gov/arcgis/rest/services/encdirect/enc_approach/MapServer/88,2026-09-20T05:15:04Z
1,81,32.6657683,-117.1597825,https://gis.charttools.noaa.gov/arcgis/rest/services/encdirect/enc_approach/MapServer/88,2026-09-20T05:15:04Z
1,82,32.6657030,-117.1596681,https://gis.charttools.noaa.gov/arcgis/rest/services/encdirect/enc_approach/MapServer/88,2026-09-20T05:15:04Z
1,83,32.6656310,-117.1595307,https://gis.charttools.noaa.gov/arcgis/rest/services/encdirect/enc_approach/MapServer/88,2026-09-20T05:15:04Z
1,84,32.6655997,-117.1593476,https://gis.charttools.noaa.gov/arcgis/rest/services/encdirect/enc_approach/MapServer/88,2026-09-20T05:15:04Z
1,85,32.6656110,-117.1592790,https://gis.charttools.noaa.gov/arcgis/rest/services/encdirect/enc_approach/MapServer/88,2026-09-20T05:15:04Z
1,86,32.6656225,-117.1591797,https://gis.charttools.noaa.gov/arcgis/rest/services/encdirect/enc_approach/MapServer/88,2026-09-20T05:15:04Z
1,87,32.6656339,-117.1590271,https://gis.charttools.noaa.gov/arcgis/rest/services/encdirect/enc_approach/MapServer/88,2026-09-20T05:15:04Z
1,88,32.6656658,-117.1587982,https://gis.charttools.noaa.gov/arcgis/rest/services/encdirect/enc_approach/MapServer/88,2026-09-20T05:15:04Z
1,89,32.6656728,-117.1585769,https://gis.charttools.noaa.gov/arcgis/rest/services/encdirect/enc_approach/MapServer/88,2026-09-20T05:15:04Z
1,90,32.6656686,-117.1583633,https://gis.charttools.noaa.gov/arcgis/rest/services/encdirect/enc_approach/MapServer/88,2026-09-20T05:15:04Z
1,91,32.6656531,-117.1581040,https://gis.charttools.noaa.gov/arcgis/rest/services/encdirect/enc_approach/MapServer/88,2026-09-20T05:15:04Z
1,92,32.6656646,-117.1579133,https://gis.charttools.noaa.gov/arcgis/rest/services/encdirect/enc_approach/MapServer/88,2026-09-20T05:15:04Z
1,93,32.6656265,-117.1577683,https://gis.charttools.noaa.gov/arcgis/rest/services/encdirect/enc_approach/MapServer/88,2026-09-20T05:15:04Z
1,94,32.6656147,-117.1576645,https://gis.charttools.noaa.gov/arcgis/rest/services/encdirect/enc_approach/MapServer/88,2026-09-20T05:15:04Z
1,95,32.6656109,-117.1576310,https://gis.charttools.noaa.gov/arcgis/rest/services/encdirect/enc_approach/MapServer/88,2026-09-20T05:15:04Z
1,96,32.6655772,-117.1575013,https://gis.charttools.noaa.gov/arcgis/rest/services/encdirect/enc_approach/MapServer/88,2026-09-20T05:15:04Z
1,97,32.6655323,-117.1573639,https://gis.charttools.noaa.gov/arcgis/rest/services/encdirect/enc_approach/MapServer/88,2026-09-20T05:15:04Z
1,98,32.6654805,-117.1572571,https://gis.charttools.noaa.gov/arcgis/rest/services/encdirect/enc_approach/MapServer/88,2026-09-20T05:15:04Z
1,99,32.6654581,-117.1571961,https://gis.charttools.noaa.gov/arcgis/rest/services/encdirect/enc_approach/MapServer/88,2026-09-20T05:15:04Z
1,100,32.6653635,-117.1570510,https://gis.charttools.noaa.gov/arcgis/rest/services/encdirect/enc_approach/MapServer/88,2026-09-20T05:15:04Z
1,101,32.6652540,-117.1569451,https://gis.charttools.noaa.gov/arcgis/rest/services/encdirect/enc_approach/MapServer/88,2026-09-20T05:15:04Z
1,102,32.6650578,-117.1568310,https://gis.charttools.noaa.gov/arcgis/rest/services/encdirect/enc_approach/MapServer/88,2026-09-20T05:15:04Z
1,103,32.6648279,-117.1566786,https://gis.charttools.noaa.gov/arcgis/rest/services/encdirect/enc_approach/MapServer/88,2026-09-20T05:15:04Z
1,104,32.6646373,-117.1565913,https://gis.charttools.noaa.gov/arcgis/rest/services/encdirect/enc_approach/MapServer/88,2026-09-20T05:15:04Z
1,105,32.6645822,-117.1565675,https://gis.charttools.noaa.gov/arcgis/rest/services/encdirect/enc_approach/MapServer/88,2026-09-20T05:15:04Z
1,106,32.6644475,-117.1565092,https://gis.charttools.noaa.gov/arcgis/rest/services/encdirect/enc_approach/MapServer/88,2026-09-20T05:15:04Z
1,107,32.6642922,-117.1564440,https://gis.charttools.noaa.gov/arcgis/rest/services/encdirect/enc_approach/MapServer/88,2026-09-20T05:15:04Z
1,108,32.6642369,-117.1564219,https://gis.charttools.noaa.gov/arcgis/rest/services/encdirect/enc_approach/MapServer/88,2026-09-20T05:15:04Z
2,0,32.7017480,-117.1780624,https://gis.charttools.noaa.gov/arcgis/rest/services/encdirect/enc_approach/MapServer/88,2026-09-20T05:15:04Z
2,1,32.7016828,-117.1779099,https://gis.charttools.noaa.gov/arcgis/rest/services/encdirect/enc_approach/MapServer/88,2026-09-20T05:15:04Z
2,2,32.7016604,-117.1778185,https://gis.charttools.noaa.gov/arcgis/rest/services/encdirect/enc_approach/MapServer/88,2026-09-20T05:15:04Z
2,3,32.7016402,-117.1777574,https://gis.charttools.noaa.gov/arcgis/rest/services/encdirect/enc_approach/MapServer/88,2026-09-20T05:15:04Z
2,4,32.7016290,-117.1776887,https://gis.charttools.noaa.gov/arcgis/rest/services/encdirect/enc_approach/MapServer/88,2026-09-20T05:15:04Z
3,0,32.7003906,-117.1731033,https://gis.charttools.noaa.gov/arcgis/rest/services/encdirect/enc_approach/MapServer/88,2026-09-20T05:15:04Z
3,1,32.7003434,-117.1729585,https://gis.charttools.noaa.gov/arcgis/rest/services/encdirect/enc_approach/MapServer/88,2026-09-20T05:15:04Z
3,2,32.7003030,-117.1727831,https://gis.charttools.noaa.gov/arcgis/rest/services/encdirect/enc_approach/MapServer/88,2026-09-20T05:15:04Z
3,3,32.7002491,-117.1726149,https://gis.charttools.noaa.gov/arcgis/rest/services/encdirect/enc_approach/MapServer/88,2026-09-20T05:15:04Z
3,4,32.7001952,-117.1724625,https://gis.charttools.noaa.gov/arcgis/rest/services/encdirect/enc_approach/MapServer/88,2026-09-20T05:15:04Z
3,5,32.7001391,-117.1723100,https://gis.charttools.noaa.gov/arcgis/rest/services/encdirect/enc_approach/MapServer/88,2026-09-20T05:15:04Z
3,6,32.7001076,-117.1722182,https://gis.charttools.noaa.gov/arcgis/rest/services/encdirect/enc_approach/MapServer/88,2026-09-20T05:15:04Z
3,7,32.7001032,-117.1721192,https://gis.charttools.noaa.gov/arcgis/rest/services/encdirect/enc_approach/MapServer/88,2026-09-20T05:15:04Z
4,0,32.6749238,-117.1672136,https://gis.charttools.noaa.gov/arcgis/rest/services/encdirect/enc_approach/MapServer/88,2026-09-20T05:15:04Z
4,1,32.6749505,-117.1674730,https://gis.charttools.noaa.gov/arcgis/rest/services/encdirect/enc_approach/MapServer/88,2026-09-20T05:15:04Z
4,2,32.6749673,-117.1675450,https://gis.charttools.noaa.gov/arcgis/rest/services/encdirect/enc_approach/MapServer/88,2026-09-20T05:15:04Z
4,3,32.6750267,-117.1678008,https://gis.charttools.noaa.gov/arcgis/rest/services/encdirect/enc_approach/MapServer/88,2026-09-20T05:15:04Z
4,4,32.6750705,-117.1679675,https://gis.charttools.noaa.gov/arcgis/rest/services/encdirect/enc_approach/MapServer/88,2026-09-20T05:15:04Z
4,5,32.6750991,-117.1680760,https://gis.charttools.noaa.gov/arcgis/rest/services/encdirect/enc_approach/MapServer/88,2026-09-20T05:15:04Z
4,6,32.6751030,-117.1680909,https://gis.charttools.noaa.gov/arcgis/rest/services/encdirect/enc_approach/MapServer/88,2026-09-20T05:15:04Z
4,7,32.6752176,-117.1683731,https://gis.charttools.noaa.gov/arcgis/rest/services/encdirect/enc_approach/MapServer/88,2026-09-20T05:15:04Z
4,8,32.6753188,-117.1685866,https://gis.charttools.noaa.gov/arcgis/rest/services/encdirect/enc_approach/MapServer/88,2026-09-20T05:15:04Z
4,9,32.6753269,-117.1686024,https://gis.charttools.noaa.gov/arcgis/rest/services/encdirect/enc_approach/MapServer/88,2026-09-20T05:15:04Z
4,10,32.6753595,-117.1686661,https://gis.charttools.noaa.gov/arcgis/rest/services/encdirect/enc_approach/MapServer/88,2026-09-20T05:15:04Z
4,11,32.6753750,-117.1686963,https://gis.charttools.noaa.gov/arcgis/rest/services/encdirect/enc_approach/MapServer/88,2026-09-20T05:15:04Z
4,12,32.6753931,-117.1687317,https://gis.charttools.noaa.gov/arcgis/rest/services/encdirect/enc_approach/MapServer/88,2026-09-20T05:15:04Z
4,13,32.6754561,-117.1688155,https://gis.charttools.noaa.gov/arcgis/rest/services/encdirect/enc_approach/MapServer/88,2026-09-20T05:15:04Z
4,14,32.6754831,-117.1688385,https://gis.charttools.noaa.gov/arcgis/rest/services/encdirect/enc_approach/MapServer/88,2026-09-20T05:15:04Z
5,0,32.6612166,-117.1557850,https://gis.charttools.noaa.gov/arcgis/rest/services/encdirect/enc_approach/MapServer/88,2026-09-20T05:15:04Z
5,1,32.6610733,-117.1557489,https://gis.charttools.noaa.gov/arcgis/rest/services/encdirect/enc_approach/MapServer/88,2026-09-20T05:15:04Z
5,2,32.6610559,-117.1557497,https://gis.charttools.noaa.gov/arcgis/rest/services/encdirect/enc_approach/MapServer/88,2026-09-20T05:15:04Z
5,3,32.6609270,-117.1556779,https://gis.charttools.noaa.gov/arcgis/rest/services/encdirect/enc_approach/MapServer/88,2026-09-20T05:15:04Z
5,4,32.6607219,-117.1555482,https://gis.charttools.noaa.gov/arcgis/rest/services/encdirect/enc_approach/MapServer/88,2026-09-20T05:15:04Z
5,5,32.6606603,-117.1554882,https://gis.charttools.noaa.gov/arcgis/rest/services/encdirect/enc_approach/MapServer/88,2026-09-20T05:15:04Z
5,6,32.6605575,-117.1553880,https://gis.charttools.noaa.gov/arcgis/rest/services/encdirect/enc_approach/MapServer/88,2026-09-20T05:15:04Z
5,7,32.6603277,-117.1552123,https://gis.charttools.noaa.gov/arcgis/rest/services/encdirect/enc_approach/MapServer/88,2026-09-20T05:15:04Z
5,8,32.6602141,-117.1551231,https://gis.charttools.noaa.gov/arcgis/rest/services/encdirect/enc_approach/MapServer/88,2026-09-20T05:15:04Z
5,9,32.6601802,-117.1550965,https://gis.charttools.noaa.gov/arcgis/rest/services/encdirect/enc_approach/MapServer/88,2026-09-20T05:15:04Z
5,10,32.6600460,-117.1549912,https://gis.charttools.noaa.gov/arcgis/rest/services/encdirect/enc_approach/MapServer/88,2026-09-20T05:15:04Z
5,11,32.6599130,-117.1549453,https://gis.charttools.noaa.gov/arcgis/rest/services/encdirect/enc_approach/MapServer/88,2026-09-20T05:15:04Z
5,12,32.6596899,-117.1548079,https://gis.charttools.noaa.gov/arcgis/rest/services/encdirect/enc_approach/MapServer/88,2026-09-20T05:15:04Z
5,13,32.6594534,-117.1546402,https://gis.charttools.noaa.gov/arcgis/rest/services/encdirect/enc_approach/MapServer/88,2026-09-20T05:15:04Z
5,14,32.6592865,-117.1546479,https://gis.charttools.noaa.gov/arcgis/rest/services/encdirect/enc_approach/MapServer/88,2026-09-20T05:15:04Z
5,15,32.6590260,-117.1547834,https://gis.charttools.noaa.gov/arcgis/rest/services/encdirect/enc_approach/MapServer/88,2026-09-20T05:15:04Z
5,16,32.6588488,-117.1547622,https://gis.charttools.noaa.gov/arcgis/rest/services/encdirect/enc_approach/MapServer/88,2026-09-20T05:15:04Z
5,17,32.6579316,-117.1541977,https://gis.charttools.noaa.gov/arcgis/rest/services/encdirect/enc_approach/MapServer/88,2026-09-20T05:15:04Z
5,18,32.6577090,-117.1539420,https://gis.charttools.noaa.gov/arcgis/rest/services/encdirect/enc_approach/MapServer/88,2026-09-20T05:15:04Z
5,19,32.6575287,-117.1535722,https://gis.charttools.noaa.gov/arcgis/rest/services/encdirect/enc_approach/MapServer/88,2026-09-20T05:15:04Z
5,20,32.6572989,-117.1533889,https://gis.charttools.noaa.gov/arcgis/rest/services/encdirect/enc_approach/MapServer/88,2026-09-20T05:15:04Z
5,21,32.6576586,-117.1524887,https://gis.charttools.noaa.gov/arcgis/rest/services/encdirect/enc_approach/MapServer/88,2026-09-20T05:15:04Z
5,22,32.6579180,-117.1524582,https://gis.charttools.noaa.gov/arcgis/rest/services/encdirect/enc_approach/MapServer/88,2026-09-20T05:15:04Z
5,23,32.6578015,-117.1518175,https://gis.charttools.noaa.gov/arcgis/rest/services/encdirect/enc_approach/MapServer/88,2026-09-20T05:15:04Z
5,24,32.6575653,-117.1513215,https://gis.charttools.noaa.gov/arcgis/rest/services/encdirect/enc_approach/MapServer/88,2026-09-20T05:15:04Z
5,25,32.6576696,-117.1508025,https://gis.charttools.noaa.gov/arcgis/rest/services/encdirect/enc_approach/MapServer/88,2026-09-20T05:15:04Z
5,26,32.6578188,-117.1505585,https://gis.charttools.noaa.gov/arcgis/rest/services/encdirect/enc_approach/MapServer/88,2026-09-20T05:15:04Z
5,27,32.6579553,-117.1505354,https://gis.charttools.noaa.gov/arcgis/rest/services/encdirect/enc_approach/MapServer/88,2026-09-20T05:15:04Z
5,28,32.6582782,-117.1507165,https://gis.charttools.noaa.gov/arcgis/rest/services/encdirect/enc_approach/MapServer/88,2026-09-20T05:15:04Z
5,29,32.6580429,-117.1503284,https://gis.charttools.noaa.gov/arcgis/rest/services/encdirect/enc_approach/MapServer/88,2026-09-20T05:15:04Z
5,30,32.6579160,-117.1502076,https://gis.charttools.noaa.gov/arcgis/rest/services/encdirect/enc_approach/MapServer/88,2026-09-20T05:15:04Z
5,31,32.6578416,-117.1501238,https://gis.charttools.noaa.gov/arcgis/rest/services/encdirect/enc_approach/MapServer/88,2026-09-20T05:15:04Z
6,0,32.6809585,-117.1755981,https://gis.charttools.noaa.gov/arcgis/rest/services/encdirect/enc_approach/MapServer/88,2026-09-20T05:15:04Z
6,1,32.6810578,-117.1755676,https://gis.charttools.noaa.gov/arcgis/rest/services/encdirect/enc_approach/MapServer/88,2026-09-20T05:15:04Z
6,2,32.6810962,-117.1755447,https://gis.charttools.noaa.gov/arcgis/rest/services/encdirect/enc_approach/MapServer/88,2026-09-20T05:15:04Z
6,3,32.6811320,-117.1755190,https://gis.charttools.noaa.gov/arcgis/rest/services/encdirect/enc_approach/MapServer/88,2026-09-20T05:15:04Z
6,4,32.6811707,-117.1754912,https://gis.charttools.noaa.gov/arcgis/rest/services/encdirect/enc_approach/MapServer/88,2026-09-20T05:15:04Z
6,5,32.6811708,-117.1754225,https://gis.charttools.noaa.gov/arcgis/rest/services/encdirect/enc_approach/MapServer/88,2026-09-20T05:15:04Z
6,6,32.6812137,-117.1753616,https://gis.charttools.noaa.gov/arcgis/rest/services/encdirect/enc_approach/MapServer/88,2026-09-20T05:15:04Z
6,7,32.6812634,-117.1753157,https://gis.charttools.noaa.gov/arcgis/rest/services/encdirect/enc_approach/MapServer/88,2026-09-20T05:15:04Z
7,0,32.6809381,-117.1657638,https://gis.charttools.noaa.gov/arcgis/rest/services/encdirect/enc_approach/MapServer/88,2026-09-20T05:15:04Z
7,1,32.6808433,-117.1657716,https://gis.charttools.noaa.gov/arcgis/rest/services/encdirect/enc_approach/MapServer/88,2026-09-20T05:15:04Z
7,2,32.6807328,-117.1657791,https://gis.charttools.noaa.gov/arcgis/rest/services/encdirect/enc_approach/MapServer/88,2026-09-20T05:15:04Z
7,3,32.6805027,-117.1658327,https://gis.charttools.noaa.gov/arcgis/rest/services/encdirect/enc_approach/MapServer/88,2026-09-20T05:15:04Z
7,4,32.6803132,-117.1658630,https://gis.charttools.noaa.gov/arcgis/rest/services/encdirect/enc_approach/MapServer/88,2026-09-20T05:15:04Z
7,5,32.6802027,-117.1658785,https://gis.charttools.noaa.gov/arcgis/rest/services/encdirect/enc_approach/MapServer/88,2026-09-20T05:15:04Z
7,6,32.6800583,-117.1659469,https://gis.charttools.noaa.gov/arcgis/rest/services/encdirect/enc_approach/MapServer/88,2026-09-20T05:15:04Z
7,7,32.6800303,-117.1659726,https://gis.charttools.noaa.gov/arcgis/rest/services/encdirect/enc_approach/MapServer/88,2026-09-20T05:15:04Z
7,8,32.6798754,-117.1661149,https://gis.charttools.noaa.gov/arcgis/rest/services/encdirect/enc_approach/MapServer/88,2026-09-20T05:15:04Z
7,9,32.6796789,-117.1663285,https://gis.charttools.noaa.gov/arcgis/rest/services/encdirect/enc_approach/MapServer/88,2026-09-20T05:15:04Z
7,10,32.6796321,-117.1663812,https://gis.charttools.noaa.gov/arcgis/rest/services/encdirect/enc_approach/MapServer/88,2026-09-20T05:15:04Z
7,11,32.6795163,-117.1665115,https://gis.charttools.noaa.gov/arcgis/rest/services/encdirect/enc_approach/MapServer/88,2026-09-20T05:15:04Z
7,12,32.6794055,-117.1667556,https://gis.charttools.noaa.gov/arcgis/rest/services/encdirect/enc_approach/MapServer/88,2026-09-20T05:15:04Z
7,13,32.6793489,-117.1669005,https://gis.charttools.noaa.gov/arcgis/rest/services/encdirect/enc_approach/MapServer/88,2026-09-20T05:15:04Z
7,14,32.6792878,-117.1670914,https://gis.charttools.noaa.gov/arcgis/rest/services/encdirect/enc_approach/MapServer/88,2026-09-20T05:15:04Z
7,15,32.6792064,-117.1672516,https://gis.charttools.noaa.gov/arcgis/rest/services/encdirect/enc_approach/MapServer/88,2026-09-20T05:15:04Z
7,16,32.6791655,-117.1673102,https://gis.charttools.noaa.gov/arcgis/rest/services/encdirect/enc_approach/MapServer/88,2026-09-20T05:15:04Z
7,17,32.6790730,-117.1674423,https://gis.charttools.noaa.gov/arcgis/rest/services/encdirect/enc_approach/MapServer/88,2026-09-20T05:15:04Z
7,18,32.6789849,-117.1675492,https://gis.charttools.noaa.gov/arcgis/rest/services/encdirect/enc_approach/MapServer/88,2026-09-20T05:15:04Z
7,19,32.6788900,-117.1676940,https://gis.charttools.noaa.gov/arcgis/rest/services/encdirect/enc_approach/MapServer/88,2026-09-20T05:15:04Z
7,20,32.6788629,-117.1677703,https://gis.charttools.noaa.gov/arcgis/rest/services/encdirect/enc_approach/MapServer/88,2026-09-20T05:15:04Z
7,21,32.6788658,-117.1677960,https://gis.charttools.noaa.gov/arcgis/rest/services/encdirect/enc_approach/MapServer/88,2026-09-20T05:15:04Z
7,22,32.6788740,-117.1678696,https://gis.charttools.noaa.gov/arcgis/rest/services/encdirect/enc_approach/MapServer/88,2026-09-20T05:15:04Z
7,23,32.6789325,-117.1679840,https://gis.charttools.noaa.gov/arcgis/rest/services/encdirect/enc_approach/MapServer/88,2026-09-20T05:15:04Z
7,24,32.6789617,-117.1680298,https://gis.charttools.noaa.gov/arcgis/rest/services/encdirect/enc_approach/MapServer/88,2026-09-20T05:15:04Z
7,25,32.6790359,-117.1682359,https://gis.charttools.noaa.gov/arcgis/rest/services/encdirect/enc_approach/MapServer/88,2026-09-20T05:15:04Z
7,26,32.6792001,-117.1685409,https://gis.charttools.noaa.gov/arcgis/rest/services/encdirect/enc_approach/MapServer/88,2026-09-20T05:15:04Z
7,27,32.6792944,-117.1688614,https://gis.charttools.noaa.gov/arcgis/rest/services/encdirect/enc_approach/MapServer/88,2026-09-20T05:15:04Z
7,28,32.6794202,-117.1692429,https://gis.charttools.noaa.gov/arcgis/rest/services/encdirect/enc_approach/MapServer/88,2026-09-20T05:15:04Z
7,29,32.6796180,-117.1697386,https://gis.charttools.noaa.gov/arcgis/rest/services/encdirect/enc_approach/MapServer/88,2026-09-20T05:15:04Z
7,30,32.6797935,-117.1700516,https://gis.charttools.noaa.gov/arcgis/rest/services/encdirect/enc_approach/MapServer/88,2026-09-20T05:15:04Z
8,0,32.6903191,-117.1645354,https://gis.charttools.noaa.gov/arcgis/rest/services/encdirect/enc_approach/MapServer/88,2026-09-20T05:15:04Z
8,1,32.6900666,-117.1644362,https://gis.charttools.noaa.gov/arcgis/rest/services/encdirect/enc_approach/MapServer/88,2026-09-20T05:15:04Z
8,2,32.6899665,-117.1643855,https://gis.charttools.noaa.gov/arcgis/rest/services/encdirect/enc_approach/MapServer/88,2026-09-20T05:15:04Z
8,3,32.6897804,-117.1642914,https://gis.charttools.noaa.gov/arcgis/rest/services/encdirect/enc_approach/MapServer/88,2026-09-20T05:15:04Z
8,4,32.6895709,-117.1641463,https://gis.charttools.noaa.gov/arcgis/rest/services/encdirect/enc_approach/MapServer/88,2026-09-20T05:15:04Z
8,5,32.6894041,-117.1640550,https://gis.charttools.noaa.gov/arcgis/rest/services/encdirect/enc_approach/MapServer/88,2026-09-20T05:15:04Z
8,6,32.6893162,-117.1640015,https://gis.charttools.noaa.gov/arcgis/rest/services/encdirect/enc_approach/MapServer/88,2026-09-20T05:15:04Z
9,0,32.6753453,-117.1639403,https://gis.charttools.noaa.gov/arcgis/rest/services/encdirect/enc_approach/MapServer/88,2026-09-20T05:15:04Z
9,1,32.6753317,-117.1639863,https://gis.charttools.noaa.gov/arcgis/rest/services/encdirect/enc_approach/MapServer/88,2026-09-20T05:15:04Z
9,2,32.6753203,-117.1640472,https://gis.charttools.noaa.gov/arcgis/rest/services/encdirect/enc_approach/MapServer/88,2026-09-20T05:15:04Z
9,3,32.6753586,-117.1641313,https://gis.charttools.noaa.gov/arcgis/rest/services/encdirect/enc_approach/MapServer/88,2026-09-20T05:15:04Z
9,4,32.6753811,-117.1641463,https://gis.charttools.noaa.gov/arcgis/rest/services/encdirect/enc_approach/MapServer/88,2026-09-20T05:15:04Z
10,0,32.6612166,-117.1557850,https://gis.charttools.noaa.gov/arcgis/rest/services/encdirect/enc_approach/MapServer/88,2026-09-20T05:15:04Z
10,1,32.6610733,-117.1557489,https://gis.charttools.noaa.gov/arcgis/rest/services/encdirect/enc_approach/MapServer/88,2026-09-20T05:15:04Z
10,2,32.6610559,-117.1557497,https://gis.charttools.noaa.gov/arcgis/rest/services/encdirect/enc_approach/MapServer/88,2026-09-20T05:15:04Z
10,3,32.6609270,-117.1556779,https://gis.charttools.noaa.gov/arcgis/rest/services/encdirect/enc_approach/MapServer/88,2026-09-20T05:15:04Z
10,4,32.6607219,-117.1555482,https://gis.charttools.noaa.gov/arcgis/rest/services/encdirect/enc_approach/MapServer/88,2026-09-20T05:15:04Z
10,5,32.6606603,-117.1554882,https://gis.charttools.noaa.gov/arcgis/rest/services/encdirect/enc_approach/MapServer/88,2026-09-20T05:15:04Z
10,6,32.6605575,-117.1553880,https://gis.charttools.noaa.gov/arcgis/rest/services/encdirect/enc_approach/MapServer/88,2026-09-20T05:15:04Z
10,7,32.6603277,-117.1552123,https://gis.charttools.noaa.gov/arcgis/rest/services/encdirect/enc_approach/MapServer/88,2026-09-20T05:15:04Z
10,8,32.6602141,-117.1551231,https://gis.charttools.noaa.gov/arcgis/rest/services/encdirect/enc_approach/MapServer/88,2026-09-20T05:15:04Z
10,9,32.6601802,-117.1550965,https://gis.charttools.noaa.gov/arcgis/rest/services/encdirect/enc_approach/MapServer/88,2026-09-20T05:15:04Z
10,10,32.6600460,-117.1549912,https://gis.charttools.noaa.gov/arcgis/rest/services/encdirect/enc_approach/MapServer/88,2026-09-20T05:15:04Z
10,11,32.6599130,-117.1549453,https://gis.charttools.noaa.gov/arcgis/rest/services/encdirect/enc_approach/MapServer/88,2026-09-20T05:15:04Z
10,12,32.6596899,-117.1548079,https://gis.charttools.noaa.gov/arcgis/rest/services/encdirect/enc_approach/MapServer/88,2026-09-20T05:15:04Z
10,13,32.6595525,-117.1547087,https://gis.charttools.noaa.gov/arcgis/rest/services/encdirect/enc_approach/MapServer/88,2026-09-20T05:15:04Z
10,14,32.6594534,-117.1546402,https://gis.charttools.noaa.gov/arcgis/rest/services/encdirect/enc_approach/MapServer/88,2026-09-20T05:15:04Z
10,15,32.6593857,-117.1546708,https://gis.charttools.noaa.gov/arcgis/rest/services/encdirect/enc_approach/MapServer/88,2026-09-20T05:15:04Z
10,16,32.6592865,-117.1546479,https://gis.charttools.noaa.gov/arcgis/rest/services/encdirect/enc_approach/MapServer/88,2026-09-20T05:15:04Z
10,17,32.6592436,-117.1546859,https://gis.charttools.noaa.gov/arcgis/rest/services/encdirect/enc_approach/MapServer/88,2026-09-20T05:15:04Z
10,18,32.6591872,-117.1547011,https://gis.charttools.noaa.gov/arcgis/rest/services/encdirect/enc_approach/MapServer/88,2026-09-20T05:15:04Z
10,19,32.6591826,-117.1547547,https://gis.charttools.noaa.gov/arcgis/rest/services/encdirect/enc_approach/MapServer/88,2026-09-20T05:15:04Z
10,20,32.6590260,-117.1547834,https://gis.charttools.noaa.gov/arcgis/rest/services/encdirect/enc_approach/MapServer/88,2026-09-20T05:15:04Z
10,21,32.6588488,-117.1547622,https://gis.charttools.noaa.gov/arcgis/rest/services/encdirect/enc_approach/MapServer/88,2026-09-20T05:15:04Z
10,22,32.6585739,-117.1545791,https://gis.charttools.noaa.gov/arcgis/rest/services/encdirect/enc_approach/MapServer/88,2026-09-20T05:15:04Z
10,23,32.6585044,-117.1545376,https://gis.charttools.noaa.gov/arcgis/rest/services/encdirect/enc_approach/MapServer/88,2026-09-20T05:15:04Z
10,24,32.6582156,-117.1543655,https://gis.charttools.noaa.gov/arcgis/rest/services/encdirect/enc_approach/MapServer/88,2026-09-20T05:15:04Z
10,25,32.6579316,-117.1541977,https://gis.charttools.noaa.gov/arcgis/rest/services/encdirect/enc_approach/MapServer/88,2026-09-20T05:15:04Z
10,26,32.6576996,-117.1540224,https://gis.charttools.noaa.gov/arcgis/rest/services/encdirect/enc_approach/MapServer/88,2026-09-20T05:15:04Z
10,27,32.6577154,-117.1539534,https://gis.charttools.noaa.gov/arcgis/rest/services/encdirect/enc_approach/MapServer/88,2026-09-20T05:15:04Z
10,28,32.6577090,-117.1539420,https://gis.charttools.noaa.gov/arcgis/rest/services/encdirect/enc_approach/MapServer/88,2026-09-20T05:15:04Z
10,29,32.6576220,-117.1537887,https://gis.charttools.noaa.gov/arcgis/rest/services/encdirect/enc_approach/MapServer/88,2026-09-20T05:15:04Z
10,30,32.6575928,-117.1537277,https://gis.charttools.noaa.gov/arcgis/rest/services/encdirect/enc_approach/MapServer/88,2026-09-20T05:15:04Z
10,31,32.6575753,-117.1536851,https://gis.charttools.noaa.gov/arcgis/rest/services/encdirect/enc_approach/MapServer/88,2026-09-20T05:15:04Z
10,32,32.6575287,-117.1535722,https://gis.charttools.noaa.gov/arcgis/rest/services/encdirect/enc_approach/MapServer/88,2026-09-20T05:15:04Z
10,33,32.6574364,-117.1534881,https://gis.charttools.noaa.gov/arcgis/rest/services/encdirect/enc_approach/MapServer/88,2026-09-20T05:15:04Z
10,34,32.6572989,-117.1533889,https://gis.charttools.noaa.gov/arcgis/rest/services/encdirect/enc_approach/MapServer/88,2026-09-20T05:15:04Z
10,35,32.6572562,-117.1532745,https://gis.charttools.noaa.gov/arcgis/rest/services/encdirect/enc_approach/MapServer/88,2026-09-20T05:15:04Z
10,36,32.6573781,-117.1531601,https://gis.charttools.noaa.gov/arcgis/rest/services/encdirect/enc_approach/MapServer/88,2026-09-20T05:15:04Z
10,37,32.6574935,-117.1528703,https://gis.charttools.noaa.gov/arcgis/rest/services/encdirect/enc_approach/MapServer/88,2026-09-20T05:15:04Z
10,38,32.6576586,-117.1524887,https://gis.charttools.noaa.gov/arcgis/rest/services/encdirect/enc_approach/MapServer/88,2026-09-20T05:15:04Z
10,39,32.6577714,-117.1524199,https://gis.charttools.noaa.gov/arcgis/rest/services/encdirect/enc_approach/MapServer/88,2026-09-20T05:15:04Z
10,40,32.6577806,-117.1524199,https://gis.charttools.noaa.gov/arcgis/rest/services/encdirect/enc_approach/MapServer/88,2026-09-20T05:15:04Z
10,41,32.6577940,-117.1524200,https://gis.charttools.noaa.gov/arcgis/rest/services/encdirect/enc_approach/MapServer/88,2026-09-20T05:15:04Z
10,42,32.6578706,-117.1524887,https://gis.charttools.noaa.gov/arcgis/rest/services/encdirect/enc_approach/MapServer/88,2026-09-20T05:15:04Z
10,43,32.6579180,-117.1524582,https://gis.charttools.noaa.gov/arcgis/rest/services/encdirect/enc_approach/MapServer/88,2026-09-20T05:15:04Z
10,44,32.6578911,-117.1523055,https://gis.charttools.noaa.gov/arcgis/rest/services/encdirect/enc_approach/MapServer/88,2026-09-20T05:15:04Z
10,45,32.6578373,-117.1520538,https://gis.charttools.noaa.gov/arcgis/rest/services/encdirect/enc_approach/MapServer/88,2026-09-20T05:15:04Z
10,46,32.6578248,-117.1519715,https://gis.charttools.noaa.gov/arcgis/rest/services/encdirect/enc_approach/MapServer/88,2026-09-20T05:15:04Z
10,47,32.6578015,-117.1518175,https://gis.charttools.noaa.gov/arcgis/rest/services/encdirect/enc_approach/MapServer/88,2026-09-20T05:15:04Z
10,48,32.6577138,-117.1516190,https://gis.charttools.noaa.gov/arcgis/rest/services/encdirect/enc_approach/MapServer/88,2026-09-20T05:15:04Z
10,49,32.6576080,-117.1514206,https://gis.charttools.noaa.gov/arcgis/rest/services/encdirect/enc_approach/MapServer/88,2026-09-20T05:15:04Z
10,50,32.6575653,-117.1513215,https://gis.charttools.noaa.gov/arcgis/rest/services/encdirect/enc_approach/MapServer/88,2026-09-20T05:15:04Z
10,51,32.6575994,-117.1511153,https://gis.charttools.noaa.gov/arcgis/rest/services/encdirect/enc_approach/MapServer/88,2026-09-20T05:15:04Z
10,52,32.6576357,-117.1509324,https://gis.charttools.noaa.gov/arcgis/rest/services/encdirect/enc_approach/MapServer/88,2026-09-20T05:15:04Z
10,53,32.6576696,-117.1508025,https://gis.charttools.noaa.gov/arcgis/rest/services/encdirect/enc_approach/MapServer/88,2026-09-20T05:15:04Z
10,54,32.6577194,-117.1507186,https://gis.charttools.noaa.gov/arcgis/rest/services/encdirect/enc_approach/MapServer/88,2026-09-20T05:15:04Z
10,55,32.6578188,-117.1505585,https://gis.charttools.noaa.gov/arcgis/rest/services/encdirect/enc_approach/MapServer/88,2026-09-20T05:15:04Z
10,56,32.6578951,-117.1505483,https://gis.charttools.noaa.gov/arcgis/rest/services/encdirect/enc_approach/MapServer/88,2026-09-20T05:15:04Z
10,57,32.6579553,-117.1505354,https://gis.charttools.noaa.gov/arcgis/rest/services/encdirect/enc_approach/MapServer/88,2026-09-20T05:15:04Z
10,58,32.6580265,-117.1505872,https://gis.charttools.noaa.gov/arcgis/rest/services/encdirect/enc_approach/MapServer/88,2026-09-20T05:15:04Z
10,59,32.6581031,-117.1507359,https://gis.charttools.noaa.gov/arcgis/rest/services/encdirect/enc_approach/MapServer/88,2026-09-20T05:15:04Z
10,60,32.6582234,-117.1509364,https://gis.charttools.noaa.gov/arcgis/rest/services/encdirect/enc_approach/MapServer/88,2026-09-20T05:15:04Z
10,61,32.6582831,-117.1510804,https://gis.charttools.noaa.gov/arcgis/rest/services/encdirect/enc_approach/MapServer/88,2026-09-20T05:15:04Z
10,62,32.6583602,-117.1512663,https://gis.charttools.noaa.gov/arcgis/rest/services/encdirect/enc_approach/MapServer/88,2026-09-20T05:15:04Z
10,63,32.6584916,-117.1517903,https://gis.charttools.noaa.gov/arcgis/rest/services/encdirect/enc_approach/MapServer/88,2026-09-20T05:15:04Z
10,64,32.6585463,-117.1522625,https://gis.charttools.noaa.gov/arcgis/rest/services/encdirect/enc_approach/MapServer/88,2026-09-20T05:15:04Z
10,65,32.6586174,-117.1524695,https://gis.charttools.noaa.gov/arcgis/rest/services/encdirect/enc_approach/MapServer/88,2026-09-20T05:15:04Z
10,66,32.6586831,-117.1524953,https://gis.charttools.noaa.gov/arcgis/rest/services/encdirect/enc_approach/MapServer/88,2026-09-20T05:15:04Z
10,67,32.6587214,-117.1524501,https://gis.charttools.noaa.gov/arcgis/rest/services/encdirect/enc_approach/MapServer/88,2026-09-20T05:15:04Z
10,68,32.6587214,-117.1522819,https://gis.charttools.noaa.gov/arcgis/rest/services/encdirect/enc_approach/MapServer/88,2026-09-20T05:15:04Z
10,69,32.6587139,-117.1521011,https://gis.charttools.noaa.gov/arcgis/rest/services/encdirect/enc_approach/MapServer/88,2026-09-20T05:15:04Z
10,70,32.6587105,-117.1520184,https://gis.charttools.noaa.gov/arcgis/rest/services/encdirect/enc_approach/MapServer/88,2026-09-20T05:15:04Z
10,71,32.6587104,-117.1520167,https://gis.charttools.noaa.gov/arcgis/rest/services/encdirect/enc_approach/MapServer/88,2026-09-20T05:15:04Z
10,72,32.6587099,-117.1520146,https://gis.charttools.noaa.gov/arcgis/rest/services/encdirect/enc_approach/MapServer/88,2026-09-20T05:15:04Z
10,73,32.6586448,-117.1517321,https://gis.charttools.noaa.gov/arcgis/rest/services/encdirect/enc_approach/MapServer/88,2026-09-20T05:15:04Z
10,74,32.6585967,-117.1515742,https://gis.charttools.noaa.gov/arcgis/rest/services/encdirect/enc_approach/MapServer/88,2026-09-20T05:15:04Z
10,75,32.6584970,-117.1512469,https://gis.charttools.noaa.gov/arcgis/rest/services/encdirect/enc_approach/MapServer/88,2026-09-20T05:15:04Z
10,76,32.6584815,-117.1512092,https://gis.charttools.noaa.gov/arcgis/rest/services/encdirect/enc_approach/MapServer/88,2026-09-20T05:15:04Z
10,77,32.6584288,-117.1510814,https://gis.charttools.noaa.gov/arcgis/rest/services/encdirect/enc_approach/MapServer/88,2026-09-20T05:15:04Z
10,78,32.6584042,-117.1510220,https://gis.charttools.noaa.gov/arcgis/rest/services/encdirect/enc_approach/MapServer/88,2026-09-20T05:15:04Z
10,79,32.6583701,-117.1509394,https://gis.charttools.noaa.gov/arcgis/rest/services/encdirect/enc_approach/MapServer/88,2026-09-20T05:15:04Z
10,80,32.6583653,-117.1509276,https://gis.charttools.noaa.gov/arcgis/rest/services/encdirect/enc_approach/MapServer/88,2026-09-20T05:15:04Z
10,81,32.6582782,-117.1507165,https://gis.charttools.noaa.gov/arcgis/rest/services/encdirect/enc_approach/MapServer/88,2026-09-20T05:15:04Z
10,82,32.6580429,-117.1503284,https://gis.charttools.noaa.gov/arcgis/rest/services/encdirect/enc_approach/MapServer/88,2026-09-20T05:15:04Z
10,83,32.6579160,-117.1502076,https://gis.charttools.noaa.gov/arcgis/rest/services/encdirect/enc_approach/MapServer/88,2026-09-20T05:15:04Z
10,84,32.6578416,-117.1501238,https://gis.charttools.noaa.gov/arcgis/rest/services/encdirect/enc_approach/MapServer/88,2026-09-20T05:15:04Z
11,0,32.6749238,-117.1672136,https://gis.charttools.noaa.gov/arcgis/rest/services/encdirect/enc_approach/MapServer/88,2026-09-20T05:15:04Z
11,1,32.6749505,-117.1674730,https://gis.charttools.noaa.gov/arcgis/rest/services/encdirect/enc_approach/MapServer/88,2026-09-20T05:15:04Z
11,2,32.6749673,-117.1675450,https://gis.charttools.noaa.gov/arcgis/rest/services/encdirect/enc_approach/MapServer/88,2026-09-20T05:15:04Z
11,3,32.6750267,-117.1678008,https://gis.charttools.noaa.gov/arcgis/rest/services/encdirect/enc_approach/MapServer/88,2026-09-20T05:15:04Z
11,4,32.6750705,-117.1679675,https://gis.charttools.noaa.gov/arcgis/rest/services/encdirect/enc_approach/MapServer/88,2026-09-20T05:15:04Z
11,5,32.6750991,-117.1680760,https://gis.charttools.noaa.gov/arcgis/rest/services/encdirect/enc_approach/MapServer/88,2026-09-20T05:15:04Z
11,6,32.6751030,-117.1680909,https://gis.charttools.noaa.gov/arcgis/rest/services/encdirect/enc_approach/MapServer/88,2026-09-20T05:15:04Z
11,7,32.6752176,-117.1683731,https://gis.charttools.noaa.gov/arcgis/rest/services/encdirect/enc_approach/MapServer/88,2026-09-20T05:15:04Z
11,8,32.6753188,-117.1685866,https://gis.charttools.noaa.gov/arcgis/rest/services/encdirect/enc_approach/MapServer/88,2026-09-20T05:15:04Z
11,9,32.6753269,-117.1686024,https://gis.charttools.noaa.gov/arcgis/rest/services/encdirect/enc_approach/MapServer/88,2026-09-20T05:15:04Z
11,10,32.6753595,-117.1686661,https://gis.charttools.noaa.gov/arcgis/rest/services/encdirect/enc_approach/MapServer/88,2026-09-20T05:15:04Z
11,11,32.6753750,-117.1686963,https://gis.charttools.noaa.gov/arcgis/rest/services/encdirect/enc_approach/MapServer/88,2026-09-20T05:15:04Z
11,12,32.6753931,-117.1687317,https://gis.charttools.noaa.gov/arcgis/rest/services/encdirect/enc_approach/MapServer/88,2026-09-20T05:15:04Z
11,13,32.6754561,-117.1688155,https://gis.charttools.noaa.gov/arcgis/rest/services/encdirect/enc_approach/MapServer/88,2026-09-20T05:15:04Z
11,14,32.6754831,-117.1688385,https://gis.charttools.noaa.gov/arcgis/rest/services/encdirect/enc_approach/MapServer/88,2026-09-20T05:15:04Z
12,0,32.6884642,-117.1636276,https://gis.charttools.noaa.gov/arcgis/rest/services/encdirect/enc_approach/MapServer/88,2026-09-20T05:15:04Z
12,1,32.6884473,-117.1636437,https://gis.charttools.noaa.gov/arcgis/rest/services/encdirect/enc_approach/MapServer/88,2026-09-20T05:15:04Z
12,2,32.6884064,-117.1636826,https://gis.charttools.noaa.gov/arcgis/rest/services/encdirect/enc_approach/MapServer/88,2026-09-20T05:15:04Z
12,3,32.6883927,-117.1636955,https://gis.charttools.noaa.gov/arcgis/rest/services/encdirect/enc_approach/MapServer/88,2026-09-20T05:15:04Z
12,4,32.6883197,-117.1637650,https://gis.charttools.noaa.gov/arcgis/rest/services/encdirect/enc_approach/MapServer/88,2026-09-20T05:15:04Z
13,0,32.6850120,-117.2190492,https://gis.charttools.noaa.gov/arcgis/rest/services/encdirect/enc_approach/MapServer/88,2026-09-20T05:15:04Z
13,1,32.6854370,-117.2179604,https://gis.charttools.noaa.gov/arcgis/rest/services/encdirect/enc_approach/MapServer/88,2026-09-20T05:15:04Z
13,2,32.6856449,-117.2172591,https://gis.charttools.noaa.gov/arcgis/rest/services/encdirect/enc_approach/MapServer/88,2026-09-20T05:15:04Z
13,3,32.6857037,-117.2170607,https://gis.charttools.noaa.gov/arcgis/rest/services/encdirect/enc_approach/MapServer/88,2026-09-20T05:15:04Z
13,4,32.6858384,-117.2166062,https://gis.charttools.noaa.gov/arcgis/rest/services/encdirect/enc_approach/MapServer/88,2026-09-20T05:15:04Z
13,5,32.6858579,-117.2165064,https://gis.charttools.noaa.gov/arcgis/rest/services/encdirect/enc_approach/MapServer/88,2026-09-20T05:15:04Z
13,6,32.6858756,-117.2164158,https://gis.charttools.noaa.gov/arcgis/rest/services/encdirect/enc_approach/MapServer/88,2026-09-20T05:15:04Z
13,7,32.6860155,-117.2156988,https://gis.charttools.noaa.gov/arcgis/rest/services/encdirect/enc_approach/MapServer/88,2026-09-20T05:15:04Z
13,8,32.6862752,-117.2149311,https://gis.charttools.noaa.gov/arcgis/rest/services/encdirect/enc_approach/MapServer/88,2026-09-20T05:15:04Z
13,9,32.6864169,-117.2141214,https://gis.charttools.noaa.gov/arcgis/rest/services/encdirect/enc_approach/MapServer/88,2026-09-20T05:15:04Z
13,10,32.6865088,-117.2133385,https://gis.charttools.noaa.gov/arcgis/rest/services/encdirect/enc_approach/MapServer/88,2026-09-20T05:15:04Z
13,11,32.6865241,-117.2132083,https://gis.charttools.noaa.gov/arcgis/rest/services/encdirect/enc_approach/MapServer/88,2026-09-20T05:15:04Z
13,12,32.6865349,-117.2131163,https://gis.charttools.noaa.gov/arcgis/rest/services/encdirect/enc_approach/MapServer/88,2026-09-20T05:15:04Z
13,13,32.6865411,-117.2130247,https://gis.charttools.noaa.gov/arcgis/rest/services/encdirect/enc_approach/MapServer/88,2026-09-20T05:15:04Z
13,14,32.6865585,-117.2127673,https://gis.charttools.noaa.gov/arcgis/rest/services/encdirect/enc_approach/MapServer/88,2026-09-20T05:15:04Z
13,15,32.6865845,-117.2123635,https://gis.charttools.noaa.gov/arcgis/rest/services/encdirect/enc_approach/MapServer/88,2026-09-20T05:15:04Z
13,16,32.6866772,-117.2113893,https://gis.charttools.noaa.gov/arcgis/rest/services/encdirect/enc_approach/MapServer/88,2026-09-20T05:15:04Z
13,17,32.6866813,-117.2113457,https://gis.charttools.noaa.gov/arcgis/rest/services/encdirect/enc_approach/MapServer/88,2026-09-20T05:15:04Z
13,18,32.6867375,-117.2107554,https://gis.charttools.noaa.gov/arcgis/rest/services/encdirect/enc_approach/MapServer/88,2026-09-20T05:15:04Z
13,19,32.6867885,-117.2095090,https://gis.charttools.noaa.gov/arcgis/rest/services/encdirect/enc_approach/MapServer/88,2026-09-20T05:15:04Z
13,20,32.6867818,-117.2091829,https://gis.charttools.noaa.gov/arcgis/rest/services/encdirect/enc_approach/MapServer/88,2026-09-20T05:15:04Z
13,21,32.6867796,-117.2090767,https://gis.charttools.noaa.gov/arcgis/rest/services/encdirect/enc_approach/MapServer/88,2026-09-20T05:15:04Z
13,22,32.6867715,-117.2086848,https://gis.charttools.noaa.gov/arcgis/rest/services/encdirect/enc_approach/MapServer/88,2026-09-20T05:15:04Z
13,23,32.6867805,-117.2076576,https://gis.charttools.noaa.gov/arcgis/rest/services/encdirect/enc_approach/MapServer/88,2026-09-20T05:15:04Z
13,24,32.6867625,-117.2070299,https://gis.charttools.noaa.gov/arcgis/rest/services/encdirect/enc_approach/MapServer/88,2026-09-20T05:15:04Z
13,25,32.6867588,-117.2069022,https://gis.charttools.noaa.gov/arcgis/rest/services/encdirect/enc_approach/MapServer/88,2026-09-20T05:15:04Z
13,26,32.6867477,-117.2065137,https://gis.charttools.noaa.gov/arcgis/rest/services/encdirect/enc_approach/MapServer/88,2026-09-20T05:15:04Z
13,27,32.6867231,-117.2058060,https://gis.charttools.noaa.gov/arcgis/rest/services/encdirect/enc_approach/MapServer/88,2026-09-20T05:15:04Z
13,28,32.6867012,-117.2053234,https://gis.charttools.noaa.gov/arcgis/rest/services/encdirect/enc_approach/MapServer/88,2026-09-20T05:15:04Z
13,29,32.6867002,-117.2053023,https://gis.charttools.noaa.gov/arcgis/rest/services/encdirect/enc_approach/MapServer/88,2026-09-20T05:15:04Z
13,30,32.6867009,-117.2052239,https://gis.charttools.noaa.gov/arcgis/rest/services/encdirect/enc_approach/MapServer/88,2026-09-20T05:15:04Z
13,31,32.6867172,-117.2035049,https://gis.charttools.noaa.gov/arcgis/rest/services/encdirect/enc_approach/MapServer/88,2026-09-20T05:15:04Z
13,32,32.6867290,-117.2012993,https://gis.charttools.noaa.gov/arcgis/rest/services/encdirect/enc_approach/MapServer/88,2026-09-20T05:15:04Z
13,33,32.6867229,-117.2012238,https://gis.charttools.noaa.gov/arcgis/rest/services/encdirect/enc_approach/MapServer/88,2026-09-20T05:15:04Z
13,34,32.6866110,-117.1998335,https://gis.charttools.noaa.gov/arcgis/rest/services/encdirect/enc_approach/MapServer/88,2026-09-20T05:15:04Z
13,35,32.6866048,-117.1997532,https://gis.charttools.noaa.gov/arcgis/rest/services/encdirect/enc_approach/MapServer/88,2026-09-20T05:15:04Z
13,36,32.6864575,-117.1978372,https://gis.charttools.noaa.gov/arcgis/rest/services/encdirect/enc_approach/MapServer/88,2026-09-20T05:15:04Z
13,37,32.6863619,-117.1968384,https://gis.charttools.noaa.gov/arcgis/rest/services/encdirect/enc_approach/MapServer/88,2026-09-20T05:15:04Z
13,38,32.6862620,-117.1962402,https://gis.charttools.noaa.gov/arcgis/rest/services/encdirect/enc_approach/MapServer/88,2026-09-20T05:15:04Z
13,39,32.6860471,-117.1949538,https://gis.charttools.noaa.gov/arcgis/rest/services/encdirect/enc_approach/MapServer/88,2026-09-20T05:15:04Z
13,40,32.6856536,-117.1932670,https://gis.charttools.noaa.gov/arcgis/rest/services/encdirect/enc_approach/MapServer/88,2026-09-20T05:15:04Z
13,41,32.6853768,-117.1924370,https://gis.charttools.noaa.gov/arcgis/rest/services/encdirect/enc_approach/MapServer/88,2026-09-20T05:15:04Z
13,42,32.6851624,-117.1917939,https://gis.charttools.noaa.gov/arcgis/rest/services/encdirect/enc_approach/MapServer/88,2026-09-20T05:15:04Z
13,43,32.6851027,-117.1916150,https://gis.charttools.noaa.gov/arcgis/rest/services/encdirect/enc_approach/MapServer/88,2026-09-20T05:15:04Z
13,44,32.6844436,-117.1897886,https://gis.charttools.noaa.gov/arcgis/rest/services/encdirect/enc_approach/MapServer/88,2026-09-20T05:15:04Z
13,45,32.6837746,-117.1882996,https://gis.charttools.noaa.gov/arcgis/rest/services/encdirect/enc_approach/MapServer/88,2026-09-20T05:15:04Z
13,46,32.6834313,-117.1876038,https://gis.charttools.noaa.gov/arcgis/rest/services/encdirect/enc_approach/MapServer/88,2026-09-20T05:15:04Z
13,47,32.6833254,-117.1873891,https://gis.charttools.noaa.gov/arcgis/rest/services/encdirect/enc_approach/MapServer/88,2026-09-20T05:15:04Z
13,48,32.6829793,-117.1866874,https://gis.charttools.noaa.gov/arcgis/rest/services/encdirect/enc_approach/MapServer/88,2026-09-20T05:15:04Z
13,49,32.6828865,-117.1864994,https://gis.charttools.noaa.gov/arcgis/rest/services/encdirect/enc_approach/MapServer/88,2026-09-20T05:15:04Z
13,50,32.6826727,-117.1860660,https://gis.charttools.noaa.gov/arcgis/rest/services/encdirect/enc_approach/MapServer/88,2026-09-20T05:15:04Z
13,51,32.6823878,-117.1855682,https://gis.charttools.noaa.gov/arcgis/rest/services/encdirect/enc_approach/MapServer/88,2026-09-20T05:15:04Z
13,52,32.6817759,-117.1844990,https://gis.charttools.noaa.gov/arcgis/rest/services/encdirect/enc_approach/MapServer/88,2026-09-20T05:15:04Z
13,53,32.6813544,-117.1837626,https://gis.charttools.noaa.gov/arcgis/rest/services/encdirect/enc_approach/MapServer/88,2026-09-20T05:15:04Z
13,54,32.6810497,-117.1832821,https://gis.charttools.noaa.gov/arcgis/rest/services/encdirect/enc_approach/MapServer/88,2026-09-20T05:15:04Z
13,55,32.6808772,-117.1830103,https://gis.charttools.noaa.gov/arcgis/rest/services/encdirect/enc_approach/MapServer/88,2026-09-20T05:15:04Z
13,56,32.6807899,-117.1828726,https://gis.charttools.noaa.gov/arcgis/rest/services/encdirect/enc_approach/MapServer/88,2026-09-20T05:15:04Z
13,57,32.6807334,-117.1827835,https://gis.charttools.noaa.gov/arcgis/rest/services/encdirect/enc_approach/MapServer/88,2026-09-20T05:15:04Z
13,58,32.6804207,-117.1822905,https://gis.charttools.noaa.gov/arcgis/rest/services/encdirect/enc_approach/MapServer/88,2026-09-20T05:15:04Z
13,59,32.6801443,-117.1818547,https://gis.charttools.noaa.gov/arcgis/rest/services/encdirect/enc_approach/MapServer/88,2026-09-20T05:15:04Z
13,60,32.6800293,-117.1816924,https://gis.charttools.noaa.gov/arcgis/rest/services/encdirect/enc_approach/MapServer/88,2026-09-20T05:15:04Z
13,61,32.6795835,-117.1810637,https://gis.charttools.noaa.gov/arcgis/rest/services/encdirect/enc_approach/MapServer/88,2026-09-20T05:15:04Z
13,62,32.6793631,-117.1806650,https://gis.charttools.noaa.gov/arcgis/rest/services/encdirect/enc_approach/MapServer/88,2026-09-20T05:15:04Z
13,63,32.6793007,-117.1805523,https://gis.charttools.noaa.gov/arcgis/rest/services/encdirect/enc_approach/MapServer/88,2026-09-20T05:15:04Z
13,64,32.6792490,-117.1804588,https://gis.charttools.noaa.gov/arcgis/rest/services/encdirect/enc_approach/MapServer/88,2026-09-20T05:15:04Z
13,65,32.6790916,-117.1802145,https://gis.charttools.noaa.gov/arcgis/rest/services/encdirect/enc_approach/MapServer/88,2026-09-20T05:15:04Z
13,66,32.6790325,-117.1801330,https://gis.charttools.noaa.gov/arcgis/rest/services/encdirect/enc_approach/MapServer/88,2026-09-20T05:15:04Z
13,67,32.6790215,-117.1801263,https://gis.charttools.noaa.gov/arcgis/rest/services/encdirect/enc_approach/MapServer/88,2026-09-20T05:15:04Z
13,68,32.6790070,-117.1801174,https://gis.charttools.noaa.gov/arcgis/rest/services/encdirect/enc_approach/MapServer/88,2026-09-20T05:15:04Z
13,69,32.6789002,-117.1800519,https://gis.charttools.noaa.gov/arcgis/rest/services/encdirect/enc_approach/MapServer/88,2026-09-20T05:15:04Z
13,70,32.6788917,-117.1800466,https://gis.charttools.noaa.gov/arcgis/rest/services/encdirect/enc_approach/MapServer/88,2026-09-20T05:15:04Z
13,71,32.6788621,-117.1800285,https://gis.charttools.noaa.gov/arcgis/rest/services/encdirect/enc_approach/MapServer/88,2026-09-20T05:15:04Z
13,72,32.6787296,-117.1800172,https://gis.charttools.noaa.gov/arcgis/rest/services/encdirect/enc_approach/MapServer/88,2026-09-20T05:15:04Z
13,73,32.6787251,-117.1800168,https://gis.charttools.noaa.gov/arcgis/rest/services/encdirect/enc_approach/MapServer/88,2026-09-20T05:15:04Z
13,74,32.6787218,-117.1800140,https://gis.charttools.noaa.gov/arcgis/rest/services/encdirect/enc_approach/MapServer/88,2026-09-20T05:15:04Z
13,75,32.6786295,-117.1799360,https://gis.charttools.noaa.gov/arcgis/rest/services/encdirect/enc_approach/MapServer/88,2026-09-20T05:15:04Z
13,76,32.6786253,-117.1799232,https://gis.charttools.noaa.gov/arcgis/rest/services/encdirect/enc_approach/MapServer/88,2026-09-20T05:15:04Z
13,77,32.6786234,-117.1799174,https://gis.charttools.noaa.gov/arcgis/rest/services/encdirect/enc_approach/MapServer/88,2026-09-20T05:15:04Z
13,78,32.6785889,-117.1798131,https://gis.charttools.noaa.gov/arcgis/rest/services/encdirect/enc_approach/MapServer/88,2026-09-20T05:15:04Z
13,79,32.6785467,-117.1795806,https://gis.charttools.noaa.gov/arcgis/rest/services/encdirect/enc_approach/MapServer/88,2026-09-20T05:15:04Z
13,80,32.6785401,-117.1794739,https://gis.charttools.noaa.gov/arcgis/rest/services/encdirect/enc_approach/MapServer/88,2026-09-20T05:15:04Z
13,81,32.6785518,-117.1793822,https://gis.charttools.noaa.gov/arcgis/rest/services/encdirect/enc_approach/MapServer/88,2026-09-20T05:15:04Z
13,82,32.6785537,-117.1793669,https://gis.charttools.noaa.gov/arcgis/rest/services/encdirect/enc_approach/MapServer/88,2026-09-20T05:15:04Z
13,83,32.6785552,-117.1793455,https://gis.charttools.noaa.gov/arcgis/rest/services/encdirect/enc_approach/MapServer/88,2026-09-20T05:15:04Z
13,84,32.6785755,-117.1790506,https://gis.charttools.noaa.gov/arcgis/rest/services/encdirect/enc_approach/MapServer/88,2026-09-20T05:15:04Z
13,85,32.6785311,-117.1789005,https://gis.charttools.noaa.gov/arcgis/rest/services/encdirect/enc_approach/MapServer/88,2026-09-20T05:15:04Z
13,86,32.6785277,-117.1788890,https://gis.charttools.noaa.gov/arcgis/rest/services/encdirect/enc_approach/MapServer/88,2026-09-20T05:15:04Z
13,87,32.6784320,-117.1787679,https://gis.charttools.noaa.gov/arcgis/rest/services/encdirect/enc_approach/MapServer/88,2026-09-20T05:15:04Z
13,88,32.6782735,-117.1785803,https://gis.charttools.noaa.gov/arcgis/rest/services/encdirect/enc_approach/MapServer/88,2026-09-20T05:15:04Z
13,89,32.6782681,-117.1785740,https://gis.charttools.noaa.gov/arcgis/rest/services/encdirect/enc_approach/MapServer/88,2026-09-20T05:15:04Z
13,90,32.6782598,-117.1785621,https://gis.charttools.noaa.gov/arcgis/rest/services/encdirect/enc_approach/MapServer/88,2026-09-20T05:15:04Z
13,91,32.6779909,-117.1781780,https://gis.charttools.noaa.gov/arcgis/rest/services/encdirect/enc_approach/MapServer/88,2026-09-20T05:15:04Z
13,92,32.6774716,-117.1774547,https://gis.charttools.noaa.gov/arcgis/rest/services/encdirect/enc_approach/MapServer/88,2026-09-20T05:15:04Z
13,93,32.6767388,-117.1764340,https://gis.charttools.noaa.gov/arcgis/rest/services/encdirect/enc_approach/MapServer/88,2026-09-20T05:15:04Z
13,94,32.6764738,-117.1760815,https://gis.charttools.noaa.gov/arcgis/rest/services/encdirect/enc_approach/MapServer/88,2026-09-20T05:15:04Z
13,95,32.6762366,-117.1757661,https://gis.charttools.noaa.gov/arcgis/rest/services/encdirect/enc_approach/MapServer/88,2026-09-20T05:15:04Z
13,96,32.6758147,-117.1752048,https://gis.charttools.noaa.gov/arcgis/rest/services/encdirect/enc_approach/MapServer/88,2026-09-20T05:15:04Z
13,97,32.6756813,-117.1750274,https://gis.charttools.noaa.gov/arcgis/rest/services/encdirect/enc_approach/MapServer/88,2026-09-20T05:15:04Z
13,98,32.6756813,-117.1750273,https://gis.charttools.noaa.gov/arcgis/rest/services/encdirect/enc_approach/MapServer/88,2026-09-20T05:15:04Z
13,99,32.6756145,-117.1749386,https://gis.charttools.noaa.gov/arcgis/rest/services/encdirect/enc_approach/MapServer/88,2026-09-20T05:15:04Z
13,100,32.6755691,-117.1748782,https://gis.charttools.noaa.gov/arcgis/rest/services/encdirect/enc_approach/MapServer/88,2026-09-20T05:15:04Z
13,101,32.6755581,-117.1748635,https://gis.charttools.noaa.gov/arcgis/rest/services/encdirect/enc_approach/MapServer/88,2026-09-20T05:15:04Z
13,102,32.6746755,-117.1736443,https://gis.charttools.noaa.gov/arcgis/rest/services/encdirect/enc_approach/MapServer/88,2026-09-20T05:15:04Z
13,103,32.6746444,-117.1736013,https://gis.charttools.noaa.gov/arcgis/rest/services/encdirect/enc_approach/MapServer/88,2026-09-20T05:15:04Z
13,104,32.6735116,-117.1720366,https://gis.charttools.noaa.gov/arcgis/rest/services/encdirect/enc_approach/MapServer/88,2026-09-20T05:15:04Z
13,105,32.6713962,-117.1693842,https://gis.charttools.noaa.gov/arcgis/rest/services/encdirect/enc_approach/MapServer/88,2026-09-20T05:15:04Z
13,106,32.6694988,-117.1671990,https://gis.charttools.noaa.gov/arcgis/rest/services/encdirect/enc_approach/MapServer/88,2026-09-20T05:15:04Z
13,107,32.6687296,-117.1663131,https://gis.charttools.noaa.gov/arcgis/rest/services/encdirect/enc_approach/MapServer/88,2026-09-20T05:15:04Z
13,108,32.6668994,-117.1643936,https://gis.charttools.noaa.gov/arcgis/rest/services/encdirect/enc_approach/MapServer/88,2026-09-20T05:15:04Z
13,109,32.6642229,-117.1618343,https://gis.charttools.noaa.gov/arcgis/rest/services/encdirect/enc_approach/MapServer/88,2026-09-20T05:15:04Z
13,110,32.6619105,-117.1597752,https://gis.charttools.noaa.gov/arcgis/rest/services/encdirect/enc_approach/MapServer/88,2026-09-20T05:15:04Z
13,111,32.6594770,-117.1578995,https://gis.charttools.noaa.gov/arcgis/rest/services/encdirect/enc_approach/MapServer/88,2026-09-20T05:15:04Z
13,112,32.6594503,-117.1578789,https://gis.charttools.noaa.gov/arcgis/rest/services/encdirect/enc_approach/MapServer/88,2026-09-20T05:15:04Z
13,113,32.6583678,-117.1570646,https://gis.charttools.noaa.gov/arcgis/rest/services/encdirect/enc_approach/MapServer/88,2026-09-20T05:15:04Z
13,114,32.6580728,-117.1568465,https://gis.charttools.noaa.gov/arcgis/rest/services/encdirect/enc_approach/MapServer/88,2026-09-20T05:15:04Z
13,115,32.6578495,-117.1566815,https://gis.charttools.noaa.gov/arcgis/rest/services/encdirect/enc_approach/MapServer/88,2026-09-20T05:15:04Z
13,116,32.6576126,-117.1565063,https://gis.charttools.noaa.gov/arcgis/rest/services/encdirect/enc_approach/MapServer/88,2026-09-20T05:15:04Z
13,117,32.6574071,-117.1563792,https://gis.charttools.noaa.gov/arcgis/rest/services/encdirect/enc_approach/MapServer/88,2026-09-20T05:15:04Z
13,118,32.6571284,-117.1562069,https://gis.charttools.noaa.gov/arcgis/rest/services/encdirect/enc_approach/MapServer/88,2026-09-20T05:15:04Z
13,119,32.6561036,-117.1555734,https://gis.charttools.noaa.gov/arcgis/rest/services/encdirect/enc_approach/MapServer/88,2026-09-20T05:15:04Z
13,120,32.6559712,-117.1554915,https://gis.charttools.noaa.gov/arcgis/rest/services/encdirect/enc_approach/MapServer/88,2026-09-20T05:15:04Z
14,0,32.6691514,-117.1569078,https://gis.charttools.noaa.gov/arcgis/rest/services/encdirect/enc_approach/MapServer/88,2026-09-20T05:15:04Z
14,1,32.6692465,-117.1569978,https://gis.charttools.noaa.gov/arcgis/rest/services/encdirect/enc_approach/MapServer/88,2026-09-20T05:15:04Z
14,2,32.6693655,-117.1569861,https://gis.charttools.noaa.gov/arcgis/rest/services/encdirect/enc_approach/MapServer/88,2026-09-20T05:15:04Z
14,3,32.6693778,-117.1569849,https://gis.charttools.noaa.gov/arcgis/rest/services/encdirect/enc_approach/MapServer/88,2026-09-20T05:15:04Z
14,4,32.6694748,-117.1569753,https://gis.charttools.noaa.gov/arcgis/rest/services/encdirect/enc_approach/MapServer/88,2026-09-20T05:15:04Z
14,5,32.6696460,-117.1569078,https://gis.charttools.noaa.gov/arcgis/rest/services/encdirect/enc_approach/MapServer/88,2026-09-20T05:15:04Z
14,6,32.6697447,-117.1569162,https://gis.charttools.noaa.gov/arcgis/rest/services/encdirect/enc_approach/MapServer/88,2026-09-20T05:15:04Z
14,7,32.6697792,-117.1569191,https://gis.charttools.noaa.gov/arcgis/rest/services/encdirect/enc_approach/MapServer/88,2026-09-20T05:15:04Z
14,8,32.6699314,-117.1569866,https://gis.charttools.noaa.gov/arcgis/rest/services/encdirect/enc_approach/MapServer/88,2026-09-20T05:15:04Z
14,9,32.6701027,-117.1570653,https://gis.charttools.noaa.gov/arcgis/rest/services/encdirect/enc_approach/MapServer/88,2026-09-20T05:15:04Z
14,10,32.6701931,-117.1570653,https://gis.charttools.noaa.gov/arcgis/rest/services/encdirect/enc_approach/MapServer/88,2026-09-20T05:15:04Z
14,11,32.6702454,-117.1570653,https://gis.charttools.noaa.gov/arcgis/rest/services/encdirect/enc_approach/MapServer/88,2026-09-20T05:15:04Z
14,12,32.6703310,-117.1570091,https://gis.charttools.noaa.gov/arcgis/rest/services/encdirect/enc_approach/MapServer/88,2026-09-20T05:15:04Z
14,13,32.6705022,-117.1568629,https://gis.charttools.noaa.gov/arcgis/rest/services/encdirect/enc_approach/MapServer/88,2026-09-20T05:15:04Z
14,14,32.6706069,-117.1567166,https://gis.charttools.noaa.gov/arcgis/rest/services/encdirect/enc_approach/MapServer/88,2026-09-20T05:15:04Z
14,15,32.6707115,-117.1566604,https://gis.charttools.noaa.gov/arcgis/rest/services/encdirect/enc_approach/MapServer/88,2026-09-20T05:15:04Z
14,16,32.6708637,-117.1566716,https://gis.charttools.noaa.gov/arcgis/rest/services/encdirect/enc_approach/MapServer/88,2026-09-20T05:15:04Z
14,17,32.6709048,-117.1566716,https://gis.charttools.noaa.gov/arcgis/rest/services/encdirect/enc_approach/MapServer/88,2026-09-20T05:15:04Z
14,18,32.6709874,-117.1566716,https://gis.charttools.noaa.gov/arcgis/rest/services/encdirect/enc_approach/MapServer/88,2026-09-20T05:15:04Z
14,19,32.6710254,-117.1565817,https://gis.charttools.noaa.gov/arcgis/rest/services/encdirect/enc_approach/MapServer/88,2026-09-20T05:15:04Z
14,20,32.6709589,-117.1564579,https://gis.charttools.noaa.gov/arcgis/rest/services/encdirect/enc_approach/MapServer/88,2026-09-20T05:15:04Z
14,21,32.6708685,-117.1563816,https://gis.charttools.noaa.gov/arcgis/rest/services/encdirect/enc_approach/MapServer/88,2026-09-20T05:15:04Z
14,22,32.6708257,-117.1563455,https://gis.charttools.noaa.gov/arcgis/rest/services/encdirect/enc_approach/MapServer/88,2026-09-20T05:15:04Z
14,23,32.6708035,-117.1563367,https://gis.charttools.noaa.gov/arcgis/rest/services/encdirect/enc_approach/MapServer/88,2026-09-20T05:15:04Z
14,24,32.6705688,-117.1562442,https://gis.charttools.noaa.gov/arcgis/rest/services/encdirect/enc_approach/MapServer/88,2026-09-20T05:15:04Z
14,25,32.6700844,-117.1562551,https://gis.charttools.noaa.gov/arcgis/rest/services/encdirect/enc_approach/MapServer/88,2026-09-20T05:15:04Z
14,26,32.6700646,-117.1562555,https://gis.charttools.noaa.gov/arcgis/rest/services/encdirect/enc_approach/MapServer/88,2026-09-20T05:15:04Z
14,27,32.6699266,-117.1562905,https://gis.charttools.noaa.gov/arcgis/rest/services/encdirect/enc_approach/MapServer/88,2026-09-20T05:15:04Z
14,28,32.6696651,-117.1563567,https://gis.charttools.noaa.gov/arcgis/rest/services/encdirect/enc_approach/MapServer/88,2026-09-20T05:15:04Z
14,29,32.6694212,-117.1564705,https://gis.charttools.noaa.gov/arcgis/rest/services/encdirect/enc_approach/MapServer/88,2026-09-20T05:15:04Z
14,30,32.6693036,-117.1565254,https://gis.charttools.noaa.gov/arcgis/rest/services/encdirect/enc_approach/MapServer/88,2026-09-20T05:15:04Z
14,31,32.6691704,-117.1566604,https://gis.charttools.noaa.gov/arcgis/rest/services/encdirect/enc_approach/MapServer/88,2026-09-20T05:15:04Z
14,32,32.6691323,-117.1567729,https://gis.charttools.noaa.gov/arcgis/rest/services/encdirect/enc_approach/MapServer/88,2026-09-20T05:15:04Z
14,33,32.6691514,-117.1569078,https://gis.charttools.noaa.gov/arcgis/rest/services/encdirect/enc_approach/MapServer/88,2026-09-20T05:15:04Z
15,0,32.6642369,-117.1564219,https://gis.charttools.noaa.gov/arcgis/rest/services/encdirect/enc_approach/MapServer/88,2026-09-20T05:15:04Z
15,1,32.6641026,-117.1563680,https://gis.charttools.noaa.gov/arcgis/rest/services/encdirect/enc_approach/MapServer/88,2026-09-20T05:15:04Z
15,2,32.6640927,-117.1563644,https://gis.charttools.noaa.gov/arcgis/rest/services/encdirect/enc_approach/MapServer/88,2026-09-20T05:15:04Z
15,3,32.6638131,-117.1562630,https://gis.charttools.noaa.gov/arcgis/rest/services/encdirect/enc_approach/MapServer/88,2026-09-20T05:15:04Z
15,4,32.6634310,-117.1561204,https://gis.charttools.noaa.gov/arcgis/rest/services/encdirect/enc_approach/MapServer/88,2026-09-20T05:15:04Z
15,5,32.6631487,-117.1560134,https://gis.charttools.noaa.gov/arcgis/rest/services/encdirect/enc_approach/MapServer/88,2026-09-20T05:15:04Z
15,6,32.6631297,-117.1560050,https://gis.charttools.noaa.gov/arcgis/rest/services/encdirect/enc_approach/MapServer/88,2026-09-20T05:15:04Z
15,7,32.6629351,-117.1559187,https://gis.charttools.noaa.gov/arcgis/rest/services/encdirect/enc_approach/MapServer/88,2026-09-20T05:15:04Z
15,8,32.6626296,-117.1557921,https://gis.charttools.noaa.gov/arcgis/rest/services/encdirect/enc_approach/MapServer/88,2026-09-20T05:15:04Z
15,9,32.6625998,-117.1557796,https://gis.charttools.noaa.gov/arcgis/rest/services/encdirect/enc_approach/MapServer/88,2026-09-20T05:15:04Z
15,10,32.6625447,-117.1557566,https://gis.charttools.noaa.gov/arcgis/rest/services/encdirect/enc_approach/MapServer/88,2026-09-20T05:15:04Z
15,11,32.6623078,-117.1556578,https://gis.charttools.noaa.gov/arcgis/rest/services/encdirect/enc_approach/MapServer/88,2026-09-20T05:15:04Z
15,12,32.6622191,-117.1556334,https://gis.charttools.noaa.gov/arcgis/rest/services/encdirect/enc_approach/MapServer/88,2026-09-20T05:15:04Z
15,13,32.6621622,-117.1556178,https://gis.charttools.noaa.gov/arcgis/rest/services/encdirect/enc_approach/MapServer/88,2026-09-20T05:15:04Z
15,14,32.6620898,-117.1555979,https://gis.charttools.noaa.gov/arcgis/rest/services/encdirect/enc_approach/MapServer/88,2026-09-20T05:15:04Z
15,15,32.6618889,-117.1555593,https://gis.charttools.noaa.gov/arcgis/rest/services/encdirect/enc_approach/MapServer/88,2026-09-20T05:15:04Z
15,16,32.6617040,-117.1555478,https://gis.charttools.noaa.gov/arcgis/rest/services/encdirect/enc_approach/MapServer/88,2026-09-20T05:15:04Z
15,17,32.6615469,-117.1555871,https://gis.charttools.noaa.gov/arcgis/rest/services/encdirect/enc_approach/MapServer/88,2026-09-20T05:15:04Z
15,18,32.6614979,-117.1556152,https://gis.charttools.noaa.gov/arcgis/rest/services/encdirect/enc_approach/MapServer/88,2026-09-20T05:15:04Z
15,19,32.6614265,-117.1556914,https://gis.charttools.noaa.gov/arcgis/rest/services/encdirect/enc_approach/MapServer/88,2026-09-20T05:15:04Z
15,20,32.6613936,-117.1557294,https://gis.charttools.noaa.gov/arcgis/rest/services/encdirect/enc_approach/MapServer/88,2026-09-20T05:15:04Z
15,21,32.6613928,-117.1557295,https://gis.charttools.noaa.gov/arcgis/rest/services/encdirect/enc_approach/MapServer/88,2026-09-20T05:15:04Z
15,22,32.6613194,-117.1557432,https://gis.charttools.noaa.gov/arcgis/rest/services/encdirect/enc_approach/MapServer/88,2026-09-20T05:15:04Z
15,23,32.6612166,-117.1557850,https://gis.charttools.noaa.gov/arcgis/rest/services/encdirect/enc_approach/MapServer/88,2026-09-20T05:15:04Z
16,0,32.6994510,-117.1708220,https://gis.charttools.noaa.gov/arcgis/rest/services/encdirect/enc_approach/MapServer/88,2026-09-20T05:15:04Z
16,1,32.6994581,-117.1706087,https://gis.charttools.noaa.gov/arcgis/rest/services/encdirect/enc_approach/MapServer/88,2026-09-20T05:15:04Z
16,2,32.6994359,-117.1703109,https://gis.charttools.noaa.gov/arcgis/rest/services/encdirect/enc_approach/MapServer/88,2026-09-20T05:15:04Z
16,3,32.6993799,-117.1700364,https://gis.charttools.noaa.gov/arcgis/rest/services/encdirect/enc_approach/MapServer/88,2026-09-20T05:15:04Z
16,4,32.6993427,-117.1699469,https://gis.charttools.noaa.gov/arcgis/rest/services/encdirect/enc_approach/MapServer/88,2026-09-20T05:15:04Z
16,5,32.6993262,-117.1699200,https://gis.charttools.noaa.gov/arcgis/rest/services/encdirect/enc_approach/MapServer/88,2026-09-20T05:15:04Z
17,0,32.6838234,-117.1650545,https://gis.charttools.noaa.gov/arcgis/rest/services/encdirect/enc_approach/MapServer/88,2026-09-20T05:15:04Z
17,1,32.6836767,-117.1651382,https://gis.charttools.noaa.gov/arcgis/rest/services/encdirect/enc_approach/MapServer/88,2026-09-20T05:15:04Z
17,2,32.6835661,-117.1651840,https://gis.charttools.noaa.gov/arcgis/rest/services/encdirect/enc_approach/MapServer/88,2026-09-20T05:15:04Z
17,3,32.6834646,-117.1652145,https://gis.charttools.noaa.gov/arcgis/rest/services/encdirect/enc_approach/MapServer/88,2026-09-20T05:15:04Z
17,4,32.6833225,-117.1652602,https://gis.charttools.noaa.gov/arcgis/rest/services/encdirect/enc_approach/MapServer/88,2026-09-20T05:15:04Z
17,5,32.6831060,-117.1652832,https://gis.charttools.noaa.gov/arcgis/rest/services/encdirect/enc_approach/MapServer/88,2026-09-20T05:15:04Z
17,6,32.6830293,-117.1652907,https://gis.charttools.noaa.gov/arcgis/rest/services/encdirect/enc_approach/MapServer/88,2026-09-20T05:15:04Z
17,7,32.6829300,-117.1652985,https://gis.charttools.noaa.gov/arcgis/rest/services/encdirect/enc_approach/MapServer/88,2026-09-20T05:15:04Z
18,0,32.6903191,-117.1645354,https://gis.charttools.noaa.gov/arcgis/rest/services/encdirect/enc_approach/MapServer/88,2026-09-20T05:15:04Z
18,1,32.6894041,-117.1640550,https://gis.charttools.noaa.gov/arcgis/rest/services/encdirect/enc_approach/MapServer/88,2026-09-20T05:15:04Z
18,2,32.6893162,-117.1640015,https://gis.charttools.noaa.gov/arcgis/rest/services/encdirect/enc_approach/MapServer/88,2026-09-20T05:15:04Z
19,0,32.6779931,-117.1546708,https://gis.charttools.noaa.gov/arcgis/rest/services/encdirect/enc_approach/MapServer/88,2026-09-20T05:15:04Z
19,1,32.6778830,-117.1545540,https://gis.charttools.noaa.gov/arcgis/rest/services/encdirect/enc_approach/MapServer/88,2026-09-20T05:15:04Z
19,2,32.6778374,-117.1544777,https://gis.charttools.noaa.gov/arcgis/rest/services/encdirect/enc_approach/MapServer/88,2026-09-20T05:15:04Z
19,3,32.6777614,-117.1543654,https://gis.charttools.noaa.gov/arcgis/rest/services/encdirect/enc_approach/MapServer/88,2026-09-20T05:15:04Z
19,4,32.6776816,-117.1542396,https://gis.charttools.noaa.gov/arcgis/rest/services/encdirect/enc_approach/MapServer/88,2026-09-20T05:15:04Z
19,5,32.6776369,-117.1541416,https://gis.charttools.noaa.gov/arcgis/rest/services/encdirect/enc_approach/MapServer/88,2026-09-20T05:15:04Z
20,0,32.6691514,-117.1569078,https://gis.charttools.noaa.gov/arcgis/rest/services/encdirect/enc_approach/MapServer/88,2026-09-20T05:15:04Z
20,1,32.6692465,-117.1569978,https://gis.charttools.noaa.gov/arcgis/rest/services/encdirect/enc_approach/MapServer/88,2026-09-20T05:15:04Z
20,2,32.6693655,-117.1569861,https://gis.charttools.noaa.gov/arcgis/rest/services/encdirect/enc_approach/MapServer/88,2026-09-20T05:15:04Z
20,3,32.6693778,-117.1569849,https://gis.charttools.noaa.gov/arcgis/rest/services/encdirect/enc_approach/MapServer/88,2026-09-20T05:15:04Z
20,4,32.6694748,-117.1569753,https://gis.charttools.noaa.gov/arcgis/rest/services/encdirect/enc_approach/MapServer/88,2026-09-20T05:15:04Z
20,5,32.6696460,-117.1569078,https://gis.charttools.noaa.gov/arcgis/rest/services/encdirect/enc_approach/MapServer/88,2026-09-20T05:15:04Z
20,6,32.6697447,-117.1569162,https://gis.charttools.noaa.gov/arcgis/rest/services/encdirect/enc_approach/MapServer/88,2026-09-20T05:15:04Z
20,7,32.6697792,-117.1569191,https://gis.charttools.noaa.gov/arcgis/rest/services/encdirect/enc_approach/MapServer/88,2026-09-20T05:15:04Z
20,8,32.6699314,-117.1569866,https://gis.charttools.noaa.gov/arcgis/rest/services/encdirect/enc_approach/MapServer/88,2026-09-20T05:15:04Z
20,9,32.6701027,-117.1570653,https://gis.charttools.noaa.gov/arcgis/rest/services/encdirect/enc_approach/MapServer/88,2026-09-20T05:15:04Z
20,10,32.6701931,-117.1570653,https://gis.charttools.noaa.gov/arcgis/rest/services/encdirect/enc_approach/MapServer/88,2026-09-20T05:15:04Z
20,11,32.6702454,-117.1570653,https://gis.charttools.noaa.gov/arcgis/rest/services/encdirect/enc_approach/MapServer/88,2026-09-20T05:15:04Z
20,12,32.6703310,-117.1570091,https://gis.charttools.noaa.gov/arcgis/rest/services/encdirect/enc_approach/MapServer/88,2026-09-20T05:15:04Z
20,13,32.6705022,-117.1568629,https://gis.charttools.noaa.gov/arcgis/rest/services/encdirect/enc_approach/MapServer/88,2026-09-20T05:15:04Z
20,14,32.6706069,-117.1567166,https://gis.charttools.noaa.gov/arcgis/rest/services/encdirect/enc_approach/MapServer/88,2026-09-20T05:15:04Z
20,15,32.6707115,-117.1566604,https://gis.charttools.noaa.gov/arcgis/rest/services/encdirect/enc_approach/MapServer/88,2026-09-20T05:15:04Z
20,16,32.6708637,-117.1566716,https://gis.charttools.noaa.gov/arcgis/rest/services/encdirect/enc_approach/MapServer/88,2026-09-20T05:15:04Z
20,17,32.6709048,-117.1566716,https://gis.charttools.noaa.gov/arcgis/rest/services/encdirect/enc_approach/MapServer/88,2026-09-20T05:15:04Z
20,18,32.6709874,-117.1566716,https://gis.charttools.noaa.gov/arcgis/rest/services/encdirect/enc_approach/MapServer/88,2026-09-20T05:15:04Z
20,19,32.6710254,-117.1565817,https://gis.charttools.noaa.gov/arcgis/rest/services/encdirect/enc_approach/MapServer/88,2026-09-20T05:15:04Z
20,20,32.6709589,-117.1564579,https://gis.charttools.noaa.gov/arcgis/rest/services/encdirect/enc_approach/MapServer/88,2026-09-20T05:15:04Z
20,21,32.6708685,-117.1563816,https://gis.charttools.noaa.gov/arcgis/rest/services/encdirect/enc_approach/MapServer/88,2026-09-20T05:15:04Z
20,22,32.6708257,-117.1563455,https://gis.charttools.noaa.gov/arcgis/rest/services/encdirect/enc_approach/MapServer/88,2026-09-20T05:15:04Z
20,23,32.6708035,-117.1563367,https://gis.charttools.noaa.gov/arcgis/rest/services/encdirect/enc_approach/MapServer/88,2026-09-20T05:15:04Z
20,24,32.6705688,-117.1562442,https://gis.charttools.noaa.gov/arcgis/rest/services/encdirect/enc_approach/MapServer/88,2026-09-20T05:15:04Z
20,25,32.6700844,-117.1562551,https://gis.charttools.noaa.gov/arcgis/rest/services/encdirect/enc_approach/MapServer/88,2026-09-20T05:15:04Z
20,26,32.6700646,-117.1562555,https://gis.charttools.noaa.gov/arcgis/rest/services/encdirect/enc_approach/MapServer/88,2026-09-20T05:15:04Z
20,27,32.6699266,-117.1562905,https://gis.charttools.noaa.gov/arcgis/rest/services/encdirect/enc_approach/MapServer/88,2026-09-20T05:15:04Z
20,28,32.6696651,-117.1563567,https://gis.charttools.noaa.gov/arcgis/rest/services/encdirect/enc_approach/MapServer/88,2026-09-20T05:15:04Z
20,29,32.6694212,-117.1564705,https://gis.charttools.noaa.gov/arcgis/rest/services/encdirect/enc_approach/MapServer/88,2026-09-20T05:15:04Z
20,30,32.6693036,-117.1565254,https://gis.charttools.noaa.gov/arcgis/rest/services/encdirect/enc_approach/MapServer/88,2026-09-20T05:15:04Z
20,31,32.6691704,-117.1566604,https://gis.charttools.noaa.gov/arcgis/rest/services/encdirect/enc_approach/MapServer/88,2026-09-20T05:15:04Z
20,32,32.6691323,-117.1567729,https://gis.charttools.noaa.gov/arcgis/rest/services/encdirect/enc_approach/MapServer/88,2026-09-20T05:15:04Z
20,33,32.6691514,-117.1569078,https://gis.charttools.noaa.gov/arcgis/rest/services/encdirect/enc_approach/MapServer/88,2026-09-20T05:15:04Z
21,0,32.7024846,-117.1802597,https://gis.charttools.noaa.gov/arcgis/rest/services/encdirect/enc_approach/MapServer/88,2026-09-20T05:15:04Z
21,1,32.7025187,-117.1803304,https://gis.charttools.noaa.gov/arcgis/rest/services/encdirect/enc_approach/MapServer/88,2026-09-20T05:15:04Z
21,2,32.7026488,-117.1805150,https://gis.charttools.noaa.gov/arcgis/rest/services/encdirect/enc_approach/MapServer/88,2026-09-20T05:15:04Z
21,3,32.7026639,-117.1805260,https://gis.charttools.noaa.gov/arcgis/rest/services/encdirect/enc_approach/MapServer/88,2026-09-20T05:15:04Z
21,4,32.7027832,-117.1806131,https://gis.charttools.noaa.gov/arcgis/rest/services/encdirect/enc_approach/MapServer/88,2026-09-20T05:15:04Z
21,5,32.7028985,-117.1806956,https://gis.charttools.noaa.gov/arcgis/rest/services/encdirect/enc_approach/MapServer/88,2026-09-20T05:15:04Z
21,6,32.7029502,-117.1807326,https://gis.charttools.noaa.gov/arcgis/rest/services/encdirect/enc_approach/MapServer/88,2026-09-20T05:15:04Z
21,7,32.7029532,-117.1807347,https://gis.charttools.noaa.gov/arcgis/rest/services/encdirect/enc_approach/MapServer/88,2026-09-20T05:15:04Z
21,8,32.7030836,-117.1808516,https://gis.charttools.noaa.gov/arcgis/rest/services/encdirect/enc_approach/MapServer/88,2026-09-20T05:15:04Z
21,9,32.7031024,-117.1808590,https://gis.charttools.noaa.gov/arcgis/rest/services/encdirect/enc_approach/MapServer/88,2026-09-20T05:15:04Z
21,10,32.7031989,-117.1808970,https://gis.charttools.noaa.gov/arcgis/rest/services/encdirect/enc_approach/MapServer/88,2026-09-20T05:15:04Z
21,11,32.7032141,-117.1809030,https://gis.charttools.noaa.gov/arcgis/rest/services/encdirect/enc_approach/MapServer/88,2026-09-20T05:15:04Z
21,12,32.7032729,-117.1809464,https://gis.charttools.noaa.gov/arcgis/rest/services/encdirect/enc_approach/MapServer/88,2026-09-20T05:15:04Z
21,13,32.7032887,-117.1809691,https://gis.charttools.noaa.gov/arcgis/rest/services/encdirect/enc_approach/MapServer/88,2026-09-20T05:15:04Z
22,0,32.6985928,-117.1683733,https://gis.charttools.noaa.gov/arcgis/rest/services/encdirect/enc_approach/MapServer/88,2026-09-20T05:15:04Z
22,1,32.6985433,-117.1683045,https://gis.charttools.noaa.gov/arcgis/rest/services/encdirect/enc_approach/MapServer/88,2026-09-20T05:15:04Z
22,2,32.6985208,-117.1682511,https://gis.charttools.noaa.gov/arcgis/rest/services/encdirect/enc_approach/MapServer/88,2026-09-20T05:15:04Z
22,3,32.6985096,-117.1681977,https://gis.charttools.noaa.gov/arcgis/rest/services/encdirect/enc_approach/MapServer/88,2026-09-20T05:15:04Z
23,0,32.6809381,-117.1657638,https://gis.charttools.noaa.gov/arcgis/rest/services/encdirect/enc_approach/MapServer/88,2026-09-20T05:15:04Z
23,1,32.6800303,-117.1659726,https://gis.charttools.noaa.gov/arcgis/rest/services/encdirect/enc_approach/MapServer/88,2026-09-20T05:15:04Z
23,2,32.6795163,-117.1665115,https://gis.charttools.noaa.gov/arcgis/rest/services/encdirect/enc_approach/MapServer/88,2026-09-20T05:15:04Z
23,3,32.6792064,-117.1672516,https://gis.charttools.noaa.gov/arcgis/rest/services/encdirect/enc_approach/MapServer/88,2026-09-20T05:15:04Z
23,4,32.6788629,-117.1677703,https://gis.charttools.noaa.gov/arcgis/rest/services/encdirect/enc_approach/MapServer/88,2026-09-20T05:15:04Z
23,5,32.6790359,-117.1682359,https://gis.charttools.noaa.gov/arcgis/rest/services/encdirect/enc_approach/MapServer/88,2026-09-20T05:15:04Z
23,6,32.6792001,-117.1685409,https://gis.charttools.noaa.gov/arcgis/rest/services/encdirect/enc_approach/MapServer/88,2026-09-20T05:15:04Z
23,7,32.6794202,-117.1692429,https://gis.charttools.noaa.gov/arcgis/rest/services/encdirect/enc_approach/MapServer/88,2026-09-20T05:15:04Z
23,8,32.6797935,-117.1700516,https://gis.charttools.noaa.gov/arcgis/rest/services/encdirect/enc_approach/MapServer/88,2026-09-20T05:15:04Z
24,0,32.6838234,-117.1650545,https://gis.charttools.noaa.gov/arcgis/rest/services/encdirect/enc_approach/MapServer/88,2026-09-20T05:15:04Z
24,1,32.6836767,-117.1651382,https://gis.charttools.noaa.gov/arcgis/rest/services/encdirect/enc_approach/MapServer/88,2026-09-20T05:15:04Z
24,2,32.6835661,-117.1651840,https://gis.charttools.noaa.gov/arcgis/rest/services/encdirect/enc_approach/MapServer/88,2026-09-20T05:15:04Z
24,3,32.6834646,-117.1652145,https://gis.charttools.noaa.gov/arcgis/rest/services/encdirect/enc_approach/MapServer/88,2026-09-20T05:15:04Z
24,4,32.6833225,-117.1652602,https://gis.charttools.noaa.gov/arcgis/rest/services/encdirect/enc_approach/MapServer/88,2026-09-20T05:15:04Z
24,5,32.6831060,-117.1652832,https://gis.charttools.noaa.gov/arcgis/rest/services/encdirect/enc_approach/MapServer/88,2026-09-20T05:15:04Z
24,6,32.6830293,-117.1652907,https://gis.charttools.noaa.gov/arcgis/rest/services/encdirect/enc_approach/MapServer/88,2026-09-20T05:15:04Z
24,7,32.6829300,-117.1652985,https://gis.charttools.noaa.gov/arcgis/rest/services/encdirect/enc_approach/MapServer/88,2026-09-20T05:15:04Z
25,0,32.6559712,-117.1554915,https://gis.charttools.noaa.gov/arcgis/rest/services/encdirect/enc_approach/MapServer/88,2026-09-20T05:15:04Z
25,1,32.6576126,-117.1565063,https://gis.charttools.noaa.gov/arcgis/rest/services/encdirect/enc_approach/MapServer/88,2026-09-20T05:15:04Z
25,2,32.6619105,-117.1597752,https://gis.charttools.noaa.gov/arcgis/rest/services/encdirect/enc_approach/MapServer/88,2026-09-20T05:15:04Z
25,3,32.6642229,-117.1618343,https://gis.charttools.noaa.gov/arcgis/rest/services/encdirect/enc_approach/MapServer/88,2026-09-20T05:15:04Z
25,4,32.6668994,-117.1643936,https://gis.charttools.noaa.gov/arcgis/rest/services/encdirect/enc_approach/MapServer/88,2026-09-20T05:15:04Z
25,5,32.6687296,-117.1663131,https://gis.charttools.noaa.gov/arcgis/rest/services/encdirect/enc_approach/MapServer/88,2026-09-20T05:15:04Z
25,6,32.6713962,-117.1693842,https://gis.charttools.noaa.gov/arcgis/rest/services/encdirect/enc_approach/MapServer/88,2026-09-20T05:15:04Z
25,7,32.6735116,-117.1720366,https://gis.charttools.noaa.gov/arcgis/rest/services/encdirect/enc_approach/MapServer/88,2026-09-20T05:15:04Z
25,8,32.6785755,-117.1790506,https://gis.charttools.noaa.gov/arcgis/rest/services/encdirect/enc_approach/MapServer/88,2026-09-20T05:15:04Z
25,9,32.6785622,-117.1798351,https://gis.charttools.noaa.gov/arcgis/rest/services/encdirect/enc_approach/MapServer/88,2026-09-20T05:15:04Z
25,10,32.6787218,-117.1800140,https://gis.charttools.noaa.gov/arcgis/rest/services/encdirect/enc_approach/MapServer/88,2026-09-20T05:15:04Z
25,11,32.6787251,-117.1800168,https://gis.charttools.noaa.gov/arcgis/rest/services/encdirect/enc_approach/MapServer/88,2026-09-20T05:15:04Z
25,12,32.6790325,-117.1801330,https://gis.charttools.noaa.gov/arcgis/rest/services/encdirect/enc_approach/MapServer/88,2026-09-20T05:15:04Z
25,13,32.6795835,-117.1810637,https://gis.charttools.noaa.gov/arcgis/rest/services/encdirect/enc_approach/MapServer/88,2026-09-20T05:15:04Z
25,14,32.6817759,-117.1844990,https://gis.charttools.noaa.gov/arcgis/rest/services/encdirect/enc_approach/MapServer/88,2026-09-20T05:15:04Z
25,15,32.6826727,-117.1860660,https://gis.charttools.noaa.gov/arcgis/rest/services/encdirect/enc_approach/MapServer/88,2026-09-20T05:15:04Z
25,16,32.6837746,-117.1882996,https://gis.charttools.noaa.gov/arcgis/rest/services/encdirect/enc_approach/MapServer/88,2026-09-20T05:15:04Z
25,17,32.6844436,-117.1897886,https://gis.charttools.noaa.gov/arcgis/rest/services/encdirect/enc_approach/MapServer/88,2026-09-20T05:15:04Z
25,18,32.6851027,-117.1916150,https://gis.charttools.noaa.gov/arcgis/rest/services/encdirect/enc_approach/MapServer/88,2026-09-20T05:15:04Z
25,19,32.6856536,-117.1932670,https://gis.charttools.noaa.gov/arcgis/rest/services/encdirect/enc_approach/MapServer/88,2026-09-20T05:15:04Z
25,20,32.6860471,-117.1949538,https://gis.charttools.noaa.gov/arcgis/rest/services/encdirect/enc_approach/MapServer/88,2026-09-20T05:15:04Z
25,21,32.6863619,-117.1968384,https://gis.charttools.noaa.gov/arcgis/rest/services/encdirect/enc_approach/MapServer/88,2026-09-20T05:15:04Z
25,22,32.6867290,-117.2012993,https://gis.charttools.noaa.gov/arcgis/rest/services/encdirect/enc_approach/MapServer/88,2026-09-20T05:15:04Z
25,23,32.6867009,-117.2052239,https://gis.charttools.noaa.gov/arcgis/rest/services/encdirect/enc_approach/MapServer/88,2026-09-20T05:15:04Z
25,24,32.6867715,-117.2086848,https://gis.charttools.noaa.gov/arcgis/rest/services/encdirect/enc_approach/MapServer/88,2026-09-20T05:15:04Z
25,25,32.6867885,-117.2095090,https://gis.charttools.noaa.gov/arcgis/rest/services/encdirect/enc_approach/MapServer/88,2026-09-20T05:15:04Z
25,26,32.6867375,-117.2107554,https://gis.charttools.noaa.gov/arcgis/rest/services/encdirect/enc_approach/MapServer/88,2026-09-20T05:15:04Z
25,27,32.6865845,-117.2123635,https://gis.charttools.noaa.gov/arcgis/rest/services/encdirect/enc_approach/MapServer/88,2026-09-20T05:15:04Z
25,28,32.6865088,-117.2133385,https://gis.charttools.noaa.gov/arcgis/rest/services/encdirect/enc_approach/MapServer/88,2026-09-20T05:15:04Z
25,29,32.6864169,-117.2141214,https://gis.charttools.noaa.gov/arcgis/rest/services/encdirect/enc_approach/MapServer/88,2026-09-20T05:15:04Z
25,30,32.6862752,-117.2149311,https://gis.charttools.noaa.gov/arcgis/rest/services/encdirect/enc_approach/MapServer/88,2026-09-20T05:15:04Z
25,31,32.6860155,-117.2156988,https://gis.charttools.noaa.gov/arcgis/rest/services/encdirect/enc_approach/MapServer/88,2026-09-20T05:15:04Z
25,32,32.6858579,-117.2165064,https://gis.charttools.noaa.gov/arcgis/rest/services/encdirect/enc_approach/MapServer/88,2026-09-20T05:15:04Z
25,33,32.6854370,-117.2179604,https://gis.charttools.noaa.gov/arcgis/rest/services/encdirect/enc_approach/MapServer/88,2026-09-20T05:15:04Z
25,34,32.6850120,-117.2190492,https://gis.charttools.noaa.gov/arcgis/rest/services/encdirect/enc_approach/MapServer/88,2026-09-20T05:15:04Z
26,0,32.6994510,-117.1708220,https://gis.charttools.noaa.gov/arcgis/rest/services/encdirect/enc_approach/MapServer/88,2026-09-20T05:15:04Z
26,1,32.6994497,-117.1702948,https://gis.charttools.noaa.gov/arcgis/rest/services/encdirect/enc_approach/MapServer/88,2026-09-20T05:15:04Z
26,2,32.6992694,-117.1697790,https://gis.charttools.noaa.gov/arcgis/rest/services/encdirect/enc_approach/MapServer/88,2026-09-20T05:15:04Z
27,0,32.6878057,-117.1636657,https://gis.charttools.noaa.gov/arcgis/rest/services/encdirect/enc_approach/MapServer/88,2026-09-20T05:15:04Z
27,1,32.6876298,-117.1636504,https://gis.charttools.noaa.gov/arcgis/rest/services/encdirect/enc_approach/MapServer/88,2026-09-20T05:15:04Z
27,2,32.6873051,-117.1636351,https://gis.charttools.noaa.gov/arcgis/rest/services/encdirect/enc_approach/MapServer/88,2026-09-20T05:15:04Z
27,3,32.6870570,-117.1636123,https://gis.charttools.noaa.gov/arcgis/rest/services/encdirect/enc_approach/MapServer/88,2026-09-20T05:15:04Z
27,4,32.6867796,-117.1636275,https://gis.charttools.noaa.gov/arcgis/rest/services/encdirect/enc_approach/MapServer/88,2026-09-20T05:15:04Z
27,5,32.6866375,-117.1636122,https://gis.charttools.noaa.gov/arcgis/rest/services/encdirect/enc_approach/MapServer/88,2026-09-20T05:15:04Z
27,6,32.6865383,-117.1636354,https://gis.charttools.noaa.gov/arcgis/rest/services/encdirect/enc_approach/MapServer/88,2026-09-20T05:15:04Z
27,7,32.6862744,-117.1636506,https://gis.charttools.noaa.gov/arcgis/rest/services/encdirect/enc_approach/MapServer/88,2026-09-20T05:15:04Z
27,8,32.6860037,-117.1636811,https://gis.charttools.noaa.gov/arcgis/rest/services/encdirect/enc_approach/MapServer/88,2026-09-20T05:15:04Z
27,9,32.6857195,-117.1637422,https://gis.charttools.noaa.gov/arcgis/rest/services/encdirect/enc_approach/MapServer/88,2026-09-20T05:15:04Z
27,10,32.6856541,-117.1637421,https://gis.charttools.noaa.gov/arcgis/rest/services/encdirect/enc_approach/MapServer/88,2026-09-20T05:15:04Z
27,11,32.6855097,-117.1637955,https://gis.charttools.noaa.gov/arcgis/rest/services/encdirect/enc_approach/MapServer/88,2026-09-20T05:15:04Z
27,12,32.6854353,-117.1637877,https://gis.charttools.noaa.gov/arcgis/rest/services/encdirect/enc_approach/MapServer/88,2026-09-20T05:15:04Z
27,13,32.6853947,-117.1637803,https://gis.charttools.noaa.gov/arcgis/rest/services/encdirect/enc_approach/MapServer/88,2026-09-20T05:15:04Z
27,14,32.6853564,-117.1637496,https://gis.charttools.noaa.gov/arcgis/rest/services/encdirect/enc_approach/MapServer/88,2026-09-20T05:15:04Z
28,0,32.6878057,-117.1636657,https://gis.charttools.noaa.gov/arcgis/rest/services/encdirect/enc_approach/MapServer/88,2026-09-20T05:15:04Z
28,1,32.6866375,-117.1636122,https://gis.charttools.noaa.gov/arcgis/rest/services/encdirect/enc_approach/MapServer/88,2026-09-20T05:15:04Z
28,2,32.6857195,-117.1637422,https://gis.charttools.noaa.gov/arcgis/rest/services/encdirect/enc_approach/MapServer/88,2026-09-20T05:15:04Z
28,3,32.6853564,-117.1637496,https://gis.charttools.noaa.gov/arcgis/rest/services/encdirect/enc_approach/MapServer/88,2026-09-20T05:15:04Z
29,0,32.6642369,-117.1564219,https://gis.charttools.noaa.gov/arcgis/rest/services/encdirect/enc_approach/MapServer/88,2026-09-20T05:15:04Z
29,1,32.6631297,-117.1560050,https://gis.charttools.noaa.gov/arcgis/rest/services/encdirect/enc_approach/MapServer/88,2026-09-20T05:15:04Z
29,2,32.6623078,-117.1556578,https://gis.charttools.noaa.gov/arcgis/rest/services/encdirect/enc_approach/MapServer/88,2026-09-20T05:15:04Z
29,3,32.6617040,-117.1555478,https://gis.charttools.noaa.gov/arcgis/rest/services/encdirect/enc_approach/MapServer/88,2026-09-20T05:15:04Z
29,4,32.6612166,-117.1557850,https://gis.charttools.noaa.gov/arcgis/rest/services/encdirect/enc_approach/MapServer/88,2026-09-20T05:15:04Z
30,0,32.6981270,-117.1676329,https://gis.charttools.noaa.gov/arcgis/rest/services/encdirect/enc_approach/MapServer/88,2026-09-20T05:15:04Z
30,1,32.6980932,-117.1676332,https://gis.charttools.noaa.gov/arcgis/rest/services/encdirect/enc_approach/MapServer/88,2026-09-20T05:15:04Z
30,2,32.6980606,-117.1676001,https://gis.charttools.noaa.gov/arcgis/rest/services/encdirect/enc_approach/MapServer/88,2026-09-20T05:15:04Z
30,3,32.6980481,-117.1675874,https://gis.charttools.noaa.gov/arcgis/rest/services/encdirect/enc_approach/MapServer/88,2026-09-20T05:15:04Z
30,4,32.6980099,-117.1674957,https://gis.charttools.noaa.gov/arcgis/rest/services/encdirect/enc_approach/MapServer/88,2026-09-20T05:15:04Z
30,5,32.6980012,-117.1674492,https://gis.charttools.noaa.gov/arcgis/rest/services/encdirect/enc_approach/MapServer/88,2026-09-20T05:15:04Z
30,6,32.6979991,-117.1674384,https://gis.charttools.noaa.gov/arcgis/rest/services/encdirect/enc_approach/MapServer/88,2026-09-20T05:15:04Z
30,7,32.6979942,-117.1674120,https://gis.charttools.noaa.gov/arcgis/rest/services/encdirect/enc_approach/MapServer/88,2026-09-20T05:15:04Z
31,0,32.6756520,-117.1559406,https://gis.charttools.noaa.gov/arcgis/rest/services/encdirect/enc_approach/MapServer/88,2026-09-20T05:15:04Z
31,1,32.6756375,-117.1560081,https://gis.charttools.noaa.gov/arcgis/rest/services/encdirect/enc_approach/MapServer/88,2026-09-20T05:15:04Z
31,2,32.6755843,-117.1560620,https://gis.charttools.noaa.gov/arcgis/rest/services/encdirect/enc_approach/MapServer/88,2026-09-20T05:15:04Z
31,3,32.6755823,-117.1560623,https://gis.charttools.noaa.gov/arcgis/rest/services/encdirect/enc_approach/MapServer/88,2026-09-20T05:15:04Z
31,4,32.6754817,-117.1560755,https://gis.charttools.noaa.gov/arcgis/rest/services/encdirect/enc_approach/MapServer/88,2026-09-20T05:15:04Z
